corpus	mode	corpus_bytes	iters	warmup_iters	mbps	ns_per_byte	cycles	instructions	cycles_per_byte	cpi	user_ns	system_ns	checksum
twitter	parse_only_track1	631515	400	0	12841.948	0.622958	662363836	1850664684	2.622122	0.357906	3712666	26751	0
twitter	parse_only_track2	631515	400	0	9020.916	0.886828	927226317	2962638074	3.670642	0.312973	5219970	62293	0
twitter	parse_only_sonic	631515	400	0	15868.374	0.504147	528986531	1872676022	2.094117	0.282476	2971102	33429	0
twitter	parse_only_serde	631515	400	0	4153.582	1.926049	2040915046	10235299433	8.079440	0.199400	11462460	88096	0
citm_catalog	parse_only_track1	1727204	400	0	23050.508	0.347064	1005305565	3996460466	1.455105	0.251549	5652415	43164	0
citm_catalog	parse_only_track2	1727204	400	0	13767.154	0.581093	1692968005	6022648711	2.450446	0.281100	9495957	60589	0
citm_catalog	parse_only_sonic	1727204	400	0	21699.870	0.368666	1074873107	4483070118	1.555799	0.239763	6026285	37956	0
citm_catalog	parse_only_serde	1727204	400	0	5672.131	1.410405	4114291399	24312625174	5.955132	0.169224	23043585	154219	0
canada	parse_only_track1	2251051	400	0	19174.688	0.417217	1585520407	12738989587	1.760867	0.124462	8883509	57584	0
canada	parse_only_track2	2251051	400	0	9010.431	0.887860	3356707584	16339473097	3.727934	0.205435	18808192	160928	0
canada	parse_only_sonic	2251051	400	0	12497.444	0.640131	2374781187	10625075963	2.637414	0.223507	13285402	212738	0
canada	parse_only_serde	2251051	400	0	4617.355	1.732594	6455009293	36999749491	7.168884	0.174461	36632099	372894	0
apache_builds	parse_only_track1	127275	400	0	13271.115	0.602813	128517571	386694004	2.524407	0.332350	728318	3954	0
apache_builds	parse_only_track2	127275	400	0	9082.312	0.880833	189545029	656661739	3.723139	0.288649	1060387	7051	0
apache_builds	parse_only_sonic	127275	400	0	12986.814	0.616009	132798223	450080663	2.608490	0.295054	744789	4036	0
apache_builds	parse_only_serde	127275	400	0	3976.104	2.012020	433632920	2367704773	8.517637	0.183145	2431482	13305	0
github_events	parse_only_track1	65132	400	0	14187.844	0.563863	62221740	182090492	2.388294	0.341708	348904	1716	0
github_events	parse_only_track2	65132	400	0	10175.074	0.786235	86480175	295342887	3.319420	0.292813	484504	3423	0
github_events	parse_only_sonic	65132	400	0	17081.410	0.468345	51331635	168673318	1.970292	0.304326	287894	2072	0
github_events	parse_only_serde	65132	400	0	4886.298	1.637231	179279871	963347407	6.881405	0.186101	1009630	7365	0
update_center	parse_only_track1	533178	400	0	10547.553	0.758470	681715429	1733452818	3.196472	0.393270	3823475	26220	0
update_center	parse_only_track2	533178	400	0	7059.015	1.133303	1019410884	3229535204	4.779881	0.315653	5713283	37745	0
update_center	parse_only_sonic	533178	400	0	14568.576	0.549127	491407109	1428227994	2.304142	0.344068	2750215	18650	0
update_center	parse_only_serde	533178	400	0	2873.468	2.784092	2505647743	12312154499	11.748646	0.203510	14037710	96320	0
mesh	parse_only_track1	723597	400	0	15843.320	0.504945	609312208	4859385772	2.105150	0.125389	3404592	45404	0
mesh	parse_only_track2	723597	400	0	7052.872	1.134290	1381592428	6368123617	4.773349	0.216954	7731186	63832	0
mesh	parse_only_sonic	723597	400	0	7546.595	1.060081	1296802023	5653561888	4.480401	0.229378	7271414	42936	0
mesh	parse_only_serde	723597	400	0	4675.791	1.710941	2091436300	10983959317	7.225833	0.190408	10392826	1406035	0
random	parse_only_track1	510476	400	0	8522.218	0.938723	804211339	2389826502	3.938536	0.336515	4517669	35535	0
random	parse_only_track2	510476	400	0	5794.290	1.380670	1190827210	4100954751	5.831945	0.290378	6686708	36601	0
random	parse_only_sonic	510476	400	0	10784.752	0.741788	638836645	2418546666	3.128632	0.264141	3583221	22797	0
random	parse_only_serde	510476	400	0	2383.195	3.356838	2878692528	15880359574	14.098080	0.181274	16199929	115520	0
marine_ik	parse_only_track1	2983466	400	0	15460.448	0.517449	2601886812	17675303756	2.180255	0.147205	14625559	86863	0
marine_ik	parse_only_track2	2983466	400	0	7074.597	1.130806	5655666700	24362297023	4.739175	0.232148	31836844	232804	0
marine_ik	parse_only_sonic	2983466	400	0	7967.228	1.004113	5052189219	20464266886	4.233490	0.246879	28370951	169531	0
marine_ik	parse_only_serde	2983466	400	0	3214.008	2.489104	12233548650	65283776954	10.251121	0.187390	65836883	4695521	0
instruments	parse_only_track1	220346	400	0	12340.830	0.648255	231442494	789547814	2.625899	0.293133	1350899	9390	0
instruments	parse_only_track2	220346	400	0	8357.635	0.957209	355868471	1212284430	4.037610	0.293552	1996914	13721	0
instruments	parse_only_sonic	220346	400	0	14872.006	0.537923	200099893	936908074	2.270292	0.213575	1120928	8246	0
instruments	parse_only_serde	220346	400	0	3536.186	2.262325	839473609	4570697630	9.524493	0.183664	4707282	38331	0
numbers	parse_only_track1	150124	400	0	22560.770	0.354598	88871333	657999226	1.479965	0.135063	506162	2425	0
numbers	parse_only_track2	150124	400	0	11426.389	0.700134	176984978	839413034	2.947313	0.210844	990015	7465	0
numbers	parse_only_sonic	150124	400	0	11493.926	0.696020	176265324	755220056	2.935329	0.233396	989912	4859	0
numbers	parse_only_serde	150124	400	0	6714.974	1.191367	296094038	1654903381	4.930824	0.178919	1697886	11165	0
unicode_mixed	parse_only_track1	1053086	400	0	8266.638	0.967745	1710970797	4010466018	4.061802	0.426626	9655675	56346	0
unicode_mixed	parse_only_track2	1053086	400	0	6899.402	1.159521	2063410935	5285187423	4.898486	0.390414	11572904	71627	0
unicode_mixed	parse_only_sonic	1053086	400	0	8059.945	0.992563	1759073657	4591522894	4.175997	0.383113	9879386	66255	0
unicode_mixed	parse_only_serde	1053086	400	0	3073.929	2.602533	4625326104	18881897996	10.980409	0.244961	25962241	164227	0
unicode_escapes	parse_only_track1	1050797	400	0	11876.425	0.673603	1195513015	5185247995	2.844301	0.230560	6706086	40919	0
unicode_escapes	parse_only_track2	1050797	400	0	11023.567	0.725718	1290472711	5458078152	3.070224	0.236434	7232417	42105	0
unicode_escapes	parse_only_sonic	1050797	400	0	3424.222	2.336297	4152605346	8339313361	9.879656	0.497955	23293395	125420	0
unicode_escapes	parse_only_serde	1050797	400	0	4367.710	1.831623	3239588244	14316943942	7.707455	0.226277	18185939	123748	0
unicode_basic	parse_only_track1	1048586	400	0	13528.346	0.591351	1045193975	4070911571	2.491913	0.256747	5862243	43795	0
unicode_basic	parse_only_track2	1048586	400	0	7276.376	1.099448	1947131438	6885047765	4.642279	0.282806	10913702	72073	0
unicode_basic	parse_only_sonic	1048586	400	0	10502.734	0.761706	1348406552	4830061561	3.214821	0.279170	7566698	45790	0
unicode_basic	parse_only_serde	1048586	400	0	2475.534	3.231626	5701785422	30335925068	13.593986	0.187955	32075242	207803	0
gsoc-2018	parse_only_track1	3327831	400	0	22819.144	0.350583	1970232489	7046777622	1.480118	0.279593	11054927	65133	0
gsoc-2018	parse_only_track2	3327831	400	0	18506.064	0.432291	2426775170	9250557775	1.823091	0.262338	13615949	85003	0
gsoc-2018	parse_only_sonic	3327831	400	0	35998.458	0.222232	1242009948	4296727901	0.933048	0.289059	6993065	47670	0
gsoc-2018	parse_only_serde	3327831	400	0	11034.586	0.724993	4054793551	19559289654	3.046123	0.207308	22770613	177294	0
distinct_values	parse_only_track1	153630	400	0	6815.473	1.173800	302963746	641184837	4.930088	0.472506	1701266	14213	0
distinct_values	parse_only_track2	153630	400	0	4870.980	1.642380	420452433	1247066788	6.841965	0.337153	2369083	21230	0
distinct_values	parse_only_sonic	153630	400	0	11841.960	0.675564	171485739	554244291	2.790564	0.309405	970813	8814	0
distinct_values	parse_only_serde	153630	400	0	2680.096	2.984968	767623309	4309342216	12.491429	0.178130	4331022	32602	0
y_string_unicode	parse_only_track1	35601	400	0	6175.578	1.295425	77816305	256756473	5.464475	0.303074	436315	2873	0
y_string_unicode	parse_only_track2	35601	400	0	4270.098	1.873493	112576515	369070257	7.905432	0.305027	630380	4941	0
y_string_unicode	parse_only_sonic	35601	400	0	3832.679	2.087313	125084782	282892723	8.783797	0.442163	700813	5545	0
y_string_unicode	parse_only_serde	35601	400	0	3547.260	2.255262	134072898	839365241	9.414967	0.159731	749791	10213	0
