artifact_kind	path	exists	bytes	sidecar_path	sidecar_exists	sidecar_bytes	log_path	log_exists
interactive-samply-profile	/tmp/skv15-p1/profiles-interactive/p1a/parse_only__apache_builds__track1.json.gz	true	48348	/tmp/skv15-p1/profiles-interactive/p1a/parse_only__apache_builds__track1.json.syms.json	true	8168	/tmp/skv15-p1/logs-interactive/p1a/parse_only__apache_builds__track1.log	true
interactive-samply-profile	/tmp/skv15-p1/profiles-interactive/p1a/parse_only__canada__track1.json.gz	true	73714	/tmp/skv15-p1/profiles-interactive/p1a/parse_only__canada__track1.json.syms.json	true	8864	/tmp/skv15-p1/logs-interactive/p1a/parse_only__canada__track1.log	true
interactive-samply-profile	/tmp/skv15-p1/profiles-interactive/p1a/parse_only__citm_catalog__track1.json.gz	true	40737	/tmp/skv15-p1/profiles-interactive/p1a/parse_only__citm_catalog__track1.json.syms.json	true	12149	/tmp/skv15-p1/logs-interactive/p1a/parse_only__citm_catalog__track1.log	true
interactive-samply-profile	/tmp/skv15-p1/profiles-interactive/p1a/parse_only__distinct_values__track1.json.gz	true	16598	/tmp/skv15-p1/profiles-interactive/p1a/parse_only__distinct_values__track1.json.syms.json	true	6900	/tmp/skv15-p1/logs-interactive/p1a/parse_only__distinct_values__track1.log	true
interactive-samply-profile	/tmp/skv15-p1/profiles-interactive/p1a/parse_only__github_events__track1.json.gz	true	41931	/tmp/skv15-p1/profiles-interactive/p1a/parse_only__github_events__track1.json.syms.json	true	9748	/tmp/skv15-p1/logs-interactive/p1a/parse_only__github_events__track1.log	true
interactive-samply-profile	/tmp/skv15-p1/profiles-interactive/p1a/parse_only__gsoc-2018__track1.json.gz	true	10888	/tmp/skv15-p1/profiles-interactive/p1a/parse_only__gsoc-2018__track1.json.syms.json	true	7092	/tmp/skv15-p1/logs-interactive/p1a/parse_only__gsoc-2018__track1.log	true
interactive-samply-profile	/tmp/skv15-p1/profiles-interactive/p1a/parse_only__instruments__track1.json.gz	true	23269	/tmp/skv15-p1/profiles-interactive/p1a/parse_only__instruments__track1.json.syms.json	true	7090	/tmp/skv15-p1/logs-interactive/p1a/parse_only__instruments__track1.log	true
interactive-samply-profile	/tmp/skv15-p1/profiles-interactive/p1a/parse_only__marine_ik__track1.json.gz	true	26067	/tmp/skv15-p1/profiles-interactive/p1a/parse_only__marine_ik__track1.json.syms.json	true	9384	/tmp/skv15-p1/logs-interactive/p1a/parse_only__marine_ik__track1.log	true
interactive-samply-profile	/tmp/skv15-p1/profiles-interactive/p1a/parse_only__mesh__track1.json.gz	true	45759	/tmp/skv15-p1/profiles-interactive/p1a/parse_only__mesh__track1.json.syms.json	true	8359	/tmp/skv15-p1/logs-interactive/p1a/parse_only__mesh__track1.log	true
interactive-samply-profile	/tmp/skv15-p1/profiles-interactive/p1a/parse_only__numbers__track1.json.gz	true	26413	/tmp/skv15-p1/profiles-interactive/p1a/parse_only__numbers__track1.json.syms.json	true	6352	/tmp/skv15-p1/logs-interactive/p1a/parse_only__numbers__track1.log	true
interactive-samply-profile	/tmp/skv15-p1/profiles-interactive/p1a/parse_only__random__track1.json.gz	true	44719	/tmp/skv15-p1/profiles-interactive/p1a/parse_only__random__track1.json.syms.json	true	8723	/tmp/skv15-p1/logs-interactive/p1a/parse_only__random__track1.log	true
interactive-samply-profile	/tmp/skv15-p1/profiles-interactive/p1a/parse_only__twitter__track1.json.gz	true	51889	/tmp/skv15-p1/profiles-interactive/p1a/parse_only__twitter__track1.json.syms.json	true	10854	/tmp/skv15-p1/logs-interactive/p1a/parse_only__twitter__track1.log	true
interactive-samply-profile	/tmp/skv15-p1/profiles-interactive/p1a/parse_only__unicode_basic__track1.json.gz	true	21960	/tmp/skv15-p1/profiles-interactive/p1a/parse_only__unicode_basic__track1.json.syms.json	true	7525	/tmp/skv15-p1/logs-interactive/p1a/parse_only__unicode_basic__track1.log	true
interactive-samply-profile	/tmp/skv15-p1/profiles-interactive/p1a/parse_only__unicode_escapes__track1.json.gz	true	94619	/tmp/skv15-p1/profiles-interactive/p1a/parse_only__unicode_escapes__track1.json.syms.json	true	9751	/tmp/skv15-p1/logs-interactive/p1a/parse_only__unicode_escapes__track1.log	true
interactive-samply-profile	/tmp/skv15-p1/profiles-interactive/p1a/parse_only__unicode_mixed__track1.json.gz	true	93495	/tmp/skv15-p1/profiles-interactive/p1a/parse_only__unicode_mixed__track1.json.syms.json	true	12407	/tmp/skv15-p1/logs-interactive/p1a/parse_only__unicode_mixed__track1.log	true
interactive-samply-profile	/tmp/skv15-p1/profiles-interactive/p1a/parse_only__update_center__track1.json.gz	true	30082	/tmp/skv15-p1/profiles-interactive/p1a/parse_only__update_center__track1.json.syms.json	true	7956	/tmp/skv15-p1/logs-interactive/p1a/parse_only__update_center__track1.log	true
interactive-samply-profile	/tmp/skv15-p1/profiles-interactive/p1a/parse_only__y_string_unicode__track1.json.gz	true	24289	/tmp/skv15-p1/profiles-interactive/p1a/parse_only__y_string_unicode__track1.json.syms.json	true	6616	/tmp/skv15-p1/logs-interactive/p1a/parse_only__y_string_unicode__track1.log	true
interactive-samply-profile	/tmp/skv15-p1/profiles-interactive/p1b/direct_strict_track1__apache_builds.json.gz	true	18799	/tmp/skv15-p1/profiles-interactive/p1b/direct_strict_track1__apache_builds.json.syms.json	true	11169	/tmp/skv15-p1/logs-interactive/p1b/direct_strict_track1__apache_builds.log	true
interactive-samply-profile	/tmp/skv15-p1/profiles-interactive/p1b/direct_strict_track1__canada.json.gz	true	133693	/tmp/skv15-p1/profiles-interactive/p1b/direct_strict_track1__canada.json.syms.json	true	17218	/tmp/skv15-p1/logs-interactive/p1b/direct_strict_track1__canada.log	true
interactive-samply-profile	/tmp/skv15-p1/profiles-interactive/p1b/direct_strict_track1__citm_catalog.json.gz	true	8093	/tmp/skv15-p1/profiles-interactive/p1b/direct_strict_track1__citm_catalog.json.syms.json	true	13021	/tmp/skv15-p1/logs-interactive/p1b/direct_strict_track1__citm_catalog.log	true
interactive-samply-profile	/tmp/skv15-p1/profiles-interactive/p1b/direct_strict_track1__distinct_values.json.gz	true	41817	/tmp/skv15-p1/profiles-interactive/p1b/direct_strict_track1__distinct_values.json.syms.json	true	13131	/tmp/skv15-p1/logs-interactive/p1b/direct_strict_track1__distinct_values.log	true
interactive-samply-profile	/tmp/skv15-p1/profiles-interactive/p1b/direct_strict_track1__github_events.json.gz	true	17798	/tmp/skv15-p1/profiles-interactive/p1b/direct_strict_track1__github_events.json.syms.json	true	12742	/tmp/skv15-p1/logs-interactive/p1b/direct_strict_track1__github_events.log	true
interactive-samply-profile	/tmp/skv15-p1/profiles-interactive/p1b/direct_strict_track1__gsoc-2018.json.gz	true	28761	/tmp/skv15-p1/profiles-interactive/p1b/direct_strict_track1__gsoc-2018.json.syms.json	true	11363	/tmp/skv15-p1/logs-interactive/p1b/direct_strict_track1__gsoc-2018.log	true
interactive-samply-profile	/tmp/skv15-p1/profiles-interactive/p1b/direct_strict_track1__instruments.json.gz	true	16989	/tmp/skv15-p1/profiles-interactive/p1b/direct_strict_track1__instruments.json.syms.json	true	17337	/tmp/skv15-p1/logs-interactive/p1b/direct_strict_track1__instruments.log	true
interactive-samply-profile	/tmp/skv15-p1/profiles-interactive/p1b/direct_strict_track1__marine_ik.json.gz	true	19108	/tmp/skv15-p1/profiles-interactive/p1b/direct_strict_track1__marine_ik.json.syms.json	true	11467	/tmp/skv15-p1/logs-interactive/p1b/direct_strict_track1__marine_ik.log	true
interactive-samply-profile	/tmp/skv15-p1/profiles-interactive/p1b/direct_strict_track1__mesh.json.gz	true	23123	/tmp/skv15-p1/profiles-interactive/p1b/direct_strict_track1__mesh.json.syms.json	true	12402	/tmp/skv15-p1/logs-interactive/p1b/direct_strict_track1__mesh.log	true
interactive-samply-profile	/tmp/skv15-p1/profiles-interactive/p1b/direct_strict_track1__numbers.json.gz	true	19839	/tmp/skv15-p1/profiles-interactive/p1b/direct_strict_track1__numbers.json.syms.json	true	9153	/tmp/skv15-p1/logs-interactive/p1b/direct_strict_track1__numbers.log	true
interactive-samply-profile	/tmp/skv15-p1/profiles-interactive/p1b/direct_strict_track1__random.json.gz	true	25672	/tmp/skv15-p1/profiles-interactive/p1b/direct_strict_track1__random.json.syms.json	true	11710	/tmp/skv15-p1/logs-interactive/p1b/direct_strict_track1__random.log	true
interactive-samply-profile	/tmp/skv15-p1/profiles-interactive/p1b/direct_strict_track1__twitter.json.gz	true	11670	/tmp/skv15-p1/profiles-interactive/p1b/direct_strict_track1__twitter.json.syms.json	true	12397	/tmp/skv15-p1/logs-interactive/p1b/direct_strict_track1__twitter.log	true
interactive-samply-profile	/tmp/skv15-p1/profiles-interactive/p1b/direct_strict_track1__unicode_basic.json.gz	true	26939	/tmp/skv15-p1/profiles-interactive/p1b/direct_strict_track1__unicode_basic.json.syms.json	true	10954	/tmp/skv15-p1/logs-interactive/p1b/direct_strict_track1__unicode_basic.log	true
interactive-samply-profile	/tmp/skv15-p1/profiles-interactive/p1b/direct_strict_track1__unicode_escapes.json.gz	true	50453	/tmp/skv15-p1/profiles-interactive/p1b/direct_strict_track1__unicode_escapes.json.syms.json	true	7839	/tmp/skv15-p1/logs-interactive/p1b/direct_strict_track1__unicode_escapes.log	true
interactive-samply-profile	/tmp/skv15-p1/profiles-interactive/p1b/direct_strict_track1__unicode_mixed.json.gz	true	38092	/tmp/skv15-p1/profiles-interactive/p1b/direct_strict_track1__unicode_mixed.json.syms.json	true	11012	/tmp/skv15-p1/logs-interactive/p1b/direct_strict_track1__unicode_mixed.log	true
interactive-samply-profile	/tmp/skv15-p1/profiles-interactive/p1b/direct_strict_track1__update_center.json.gz	true	22632	/tmp/skv15-p1/profiles-interactive/p1b/direct_strict_track1__update_center.json.syms.json	true	13816	/tmp/skv15-p1/logs-interactive/p1b/direct_strict_track1__update_center.log	true
interactive-samply-profile	/tmp/skv15-p1/profiles-interactive/p1b/direct_strict_track1__y_string_unicode.json.gz	true	63863	/tmp/skv15-p1/profiles-interactive/p1b/direct_strict_track1__y_string_unicode.json.syms.json	true	9538	/tmp/skv15-p1/logs-interactive/p1b/direct_strict_track1__y_string_unicode.log	true
interactive-samply-profile	/tmp/skv15-p1/profiles-interactive/p1b/direct_strict_track2__apache_builds.json.gz	true	34235	/tmp/skv15-p1/profiles-interactive/p1b/direct_strict_track2__apache_builds.json.syms.json	true	15587	/tmp/skv15-p1/logs-interactive/p1b/direct_strict_track2__apache_builds.log	true
interactive-samply-profile	/tmp/skv15-p1/profiles-interactive/p1b/direct_strict_track2__canada.json.gz	true	209518	/tmp/skv15-p1/profiles-interactive/p1b/direct_strict_track2__canada.json.syms.json	true	28459	/tmp/skv15-p1/logs-interactive/p1b/direct_strict_track2__canada.log	true
interactive-samply-profile	/tmp/skv15-p1/profiles-interactive/p1b/direct_strict_track2__citm_catalog.json.gz	true	13129	/tmp/skv15-p1/profiles-interactive/p1b/direct_strict_track2__citm_catalog.json.syms.json	true	21560	/tmp/skv15-p1/logs-interactive/p1b/direct_strict_track2__citm_catalog.log	true
interactive-samply-profile	/tmp/skv15-p1/profiles-interactive/p1b/direct_strict_track2__distinct_values.json.gz	true	96895	/tmp/skv15-p1/profiles-interactive/p1b/direct_strict_track2__distinct_values.json.syms.json	true	14861	/tmp/skv15-p1/logs-interactive/p1b/direct_strict_track2__distinct_values.log	true
interactive-samply-profile	/tmp/skv15-p1/profiles-interactive/p1b/direct_strict_track2__github_events.json.gz	true	22638	/tmp/skv15-p1/profiles-interactive/p1b/direct_strict_track2__github_events.json.syms.json	true	24749	/tmp/skv15-p1/logs-interactive/p1b/direct_strict_track2__github_events.log	true
interactive-samply-profile	/tmp/skv15-p1/profiles-interactive/p1b/direct_strict_track2__gsoc-2018.json.gz	true	29156	/tmp/skv15-p1/profiles-interactive/p1b/direct_strict_track2__gsoc-2018.json.syms.json	true	18641	/tmp/skv15-p1/logs-interactive/p1b/direct_strict_track2__gsoc-2018.log	true
interactive-samply-profile	/tmp/skv15-p1/profiles-interactive/p1b/direct_strict_track2__instruments.json.gz	true	28159	/tmp/skv15-p1/profiles-interactive/p1b/direct_strict_track2__instruments.json.syms.json	true	22200	/tmp/skv15-p1/logs-interactive/p1b/direct_strict_track2__instruments.log	true
interactive-samply-profile	/tmp/skv15-p1/profiles-interactive/p1b/direct_strict_track2__marine_ik.json.gz	true	20903	/tmp/skv15-p1/profiles-interactive/p1b/direct_strict_track2__marine_ik.json.syms.json	true	26361	/tmp/skv15-p1/logs-interactive/p1b/direct_strict_track2__marine_ik.log	true
interactive-samply-profile	/tmp/skv15-p1/profiles-interactive/p1b/direct_strict_track2__mesh.json.gz	true	27048	/tmp/skv15-p1/profiles-interactive/p1b/direct_strict_track2__mesh.json.syms.json	true	20911	/tmp/skv15-p1/logs-interactive/p1b/direct_strict_track2__mesh.log	true
interactive-samply-profile	/tmp/skv15-p1/profiles-interactive/p1b/direct_strict_track2__numbers.json.gz	true	25438	/tmp/skv15-p1/profiles-interactive/p1b/direct_strict_track2__numbers.json.syms.json	true	8694	/tmp/skv15-p1/logs-interactive/p1b/direct_strict_track2__numbers.log	true
interactive-samply-profile	/tmp/skv15-p1/profiles-interactive/p1b/direct_strict_track2__random.json.gz	true	48889	/tmp/skv15-p1/profiles-interactive/p1b/direct_strict_track2__random.json.syms.json	true	19279	/tmp/skv15-p1/logs-interactive/p1b/direct_strict_track2__random.log	true
interactive-samply-profile	/tmp/skv15-p1/profiles-interactive/p1b/direct_strict_track2__twitter.json.gz	true	14018	/tmp/skv15-p1/profiles-interactive/p1b/direct_strict_track2__twitter.json.syms.json	true	19892	/tmp/skv15-p1/logs-interactive/p1b/direct_strict_track2__twitter.log	true
interactive-samply-profile	/tmp/skv15-p1/profiles-interactive/p1b/direct_strict_track2__unicode_basic.json.gz	true	69506	/tmp/skv15-p1/profiles-interactive/p1b/direct_strict_track2__unicode_basic.json.syms.json	true	17073	/tmp/skv15-p1/logs-interactive/p1b/direct_strict_track2__unicode_basic.log	true
interactive-samply-profile	/tmp/skv15-p1/profiles-interactive/p1b/direct_strict_track2__unicode_escapes.json.gz	true	34957	/tmp/skv15-p1/profiles-interactive/p1b/direct_strict_track2__unicode_escapes.json.syms.json	true	20280	/tmp/skv15-p1/logs-interactive/p1b/direct_strict_track2__unicode_escapes.log	true
interactive-samply-profile	/tmp/skv15-p1/profiles-interactive/p1b/direct_strict_track2__unicode_mixed.json.gz	true	76925	/tmp/skv15-p1/profiles-interactive/p1b/direct_strict_track2__unicode_mixed.json.syms.json	true	23125	/tmp/skv15-p1/logs-interactive/p1b/direct_strict_track2__unicode_mixed.log	true
interactive-samply-profile	/tmp/skv15-p1/profiles-interactive/p1b/direct_strict_track2__update_center.json.gz	true	32762	/tmp/skv15-p1/profiles-interactive/p1b/direct_strict_track2__update_center.json.syms.json	true	19433	/tmp/skv15-p1/logs-interactive/p1b/direct_strict_track2__update_center.log	true
interactive-samply-profile	/tmp/skv15-p1/profiles-interactive/p1b/direct_strict_track2__y_string_unicode.json.gz	true	89936	/tmp/skv15-p1/profiles-interactive/p1b/direct_strict_track2__y_string_unicode.json.syms.json	true	12931	/tmp/skv15-p1/logs-interactive/p1b/direct_strict_track2__y_string_unicode.log	true
interactive-samply-profile	/tmp/skv15-p1/profiles-interactive/p1b/real_typed_track1__apache_builds.json.gz	true	18322	/tmp/skv15-p1/profiles-interactive/p1b/real_typed_track1__apache_builds.json.syms.json	true	8659	/tmp/skv15-p1/logs-interactive/p1b/real_typed_track1__apache_builds.log	true
interactive-samply-profile	/tmp/skv15-p1/profiles-interactive/p1b/real_typed_track1__canada.json.gz	true	160672	/tmp/skv15-p1/profiles-interactive/p1b/real_typed_track1__canada.json.syms.json	true	12480	/tmp/skv15-p1/logs-interactive/p1b/real_typed_track1__canada.log	true
interactive-samply-profile	/tmp/skv15-p1/profiles-interactive/p1b/real_typed_track1__citm_catalog.json.gz	true	11040	/tmp/skv15-p1/profiles-interactive/p1b/real_typed_track1__citm_catalog.json.syms.json	true	11454	/tmp/skv15-p1/logs-interactive/p1b/real_typed_track1__citm_catalog.log	true
interactive-samply-profile	/tmp/skv15-p1/profiles-interactive/p1b/real_typed_track1__distinct_values.json.gz	true	31196	/tmp/skv15-p1/profiles-interactive/p1b/real_typed_track1__distinct_values.json.syms.json	true	10178	/tmp/skv15-p1/logs-interactive/p1b/real_typed_track1__distinct_values.log	true
interactive-samply-profile	/tmp/skv15-p1/profiles-interactive/p1b/real_typed_track1__github_events.json.gz	true	17996	/tmp/skv15-p1/profiles-interactive/p1b/real_typed_track1__github_events.json.syms.json	true	12693	/tmp/skv15-p1/logs-interactive/p1b/real_typed_track1__github_events.log	true
interactive-samply-profile	/tmp/skv15-p1/profiles-interactive/p1b/real_typed_track1__gsoc-2018.json.gz	true	24305	/tmp/skv15-p1/profiles-interactive/p1b/real_typed_track1__gsoc-2018.json.syms.json	true	9548	/tmp/skv15-p1/logs-interactive/p1b/real_typed_track1__gsoc-2018.log	true
interactive-samply-profile	/tmp/skv15-p1/profiles-interactive/p1b/real_typed_track1__instruments.json.gz	true	21927	/tmp/skv15-p1/profiles-interactive/p1b/real_typed_track1__instruments.json.syms.json	true	15241	/tmp/skv15-p1/logs-interactive/p1b/real_typed_track1__instruments.log	true
interactive-samply-profile	/tmp/skv15-p1/profiles-interactive/p1b/real_typed_track1__marine_ik.json.gz	true	19300	/tmp/skv15-p1/profiles-interactive/p1b/real_typed_track1__marine_ik.json.syms.json	true	11418	/tmp/skv15-p1/logs-interactive/p1b/real_typed_track1__marine_ik.log	true
interactive-samply-profile	/tmp/skv15-p1/profiles-interactive/p1b/real_typed_track1__mesh.json.gz	true	24018	/tmp/skv15-p1/profiles-interactive/p1b/real_typed_track1__mesh.json.syms.json	true	11334	/tmp/skv15-p1/logs-interactive/p1b/real_typed_track1__mesh.log	true
interactive-samply-profile	/tmp/skv15-p1/profiles-interactive/p1b/real_typed_track1__numbers.json.gz	true	19696	/tmp/skv15-p1/profiles-interactive/p1b/real_typed_track1__numbers.json.syms.json	true	6048	/tmp/skv15-p1/logs-interactive/p1b/real_typed_track1__numbers.log	true
interactive-samply-profile	/tmp/skv15-p1/profiles-interactive/p1b/real_typed_track1__random.json.gz	true	31986	/tmp/skv15-p1/profiles-interactive/p1b/real_typed_track1__random.json.syms.json	true	12885	/tmp/skv15-p1/logs-interactive/p1b/real_typed_track1__random.log	true
interactive-samply-profile	/tmp/skv15-p1/profiles-interactive/p1b/real_typed_track1__twitter.json.gz	true	11697	/tmp/skv15-p1/profiles-interactive/p1b/real_typed_track1__twitter.json.syms.json	true	12117	/tmp/skv15-p1/logs-interactive/p1b/real_typed_track1__twitter.log	true
interactive-samply-profile	/tmp/skv15-p1/profiles-interactive/p1b/real_typed_track1__unicode_basic.json.gz	true	40294	/tmp/skv15-p1/profiles-interactive/p1b/real_typed_track1__unicode_basic.json.syms.json	true	11065	/tmp/skv15-p1/logs-interactive/p1b/real_typed_track1__unicode_basic.log	true
interactive-samply-profile	/tmp/skv15-p1/profiles-interactive/p1b/real_typed_track1__unicode_escapes.json.gz	true	46391	/tmp/skv15-p1/profiles-interactive/p1b/real_typed_track1__unicode_escapes.json.syms.json	true	8720	/tmp/skv15-p1/logs-interactive/p1b/real_typed_track1__unicode_escapes.log	true
interactive-samply-profile	/tmp/skv15-p1/profiles-interactive/p1b/real_typed_track1__unicode_mixed.json.gz	true	37966	/tmp/skv15-p1/profiles-interactive/p1b/real_typed_track1__unicode_mixed.json.syms.json	true	10787	/tmp/skv15-p1/logs-interactive/p1b/real_typed_track1__unicode_mixed.log	true
interactive-samply-profile	/tmp/skv15-p1/profiles-interactive/p1b/real_typed_track1__update_center.json.gz	true	21674	/tmp/skv15-p1/profiles-interactive/p1b/real_typed_track1__update_center.json.syms.json	true	13687	/tmp/skv15-p1/logs-interactive/p1b/real_typed_track1__update_center.log	true
interactive-samply-profile	/tmp/skv15-p1/profiles-interactive/p1b/real_typed_track1__y_string_unicode.json.gz	true	57845	/tmp/skv15-p1/profiles-interactive/p1b/real_typed_track1__y_string_unicode.json.syms.json	true	7384	/tmp/skv15-p1/logs-interactive/p1b/real_typed_track1__y_string_unicode.log	true
interactive-samply-profile	/tmp/skv15-p1/profiles-interactive/p1b/real_typed_track2__apache_builds.json.gz	true	34915	/tmp/skv15-p1/profiles-interactive/p1b/real_typed_track2__apache_builds.json.syms.json	true	15581	/tmp/skv15-p1/logs-interactive/p1b/real_typed_track2__apache_builds.log	true
interactive-samply-profile	/tmp/skv15-p1/profiles-interactive/p1b/real_typed_track2__canada.json.gz	true	96242	/tmp/skv15-p1/profiles-interactive/p1b/real_typed_track2__canada.json.syms.json	true	22677	/tmp/skv15-p1/logs-interactive/p1b/real_typed_track2__canada.log	true
interactive-samply-profile	/tmp/skv15-p1/profiles-interactive/p1b/real_typed_track2__citm_catalog.json.gz	true	16699	/tmp/skv15-p1/profiles-interactive/p1b/real_typed_track2__citm_catalog.json.syms.json	true	17915	/tmp/skv15-p1/logs-interactive/p1b/real_typed_track2__citm_catalog.log	true
interactive-samply-profile	/tmp/skv15-p1/profiles-interactive/p1b/real_typed_track2__distinct_values.json.gz	true	95513	/tmp/skv15-p1/profiles-interactive/p1b/real_typed_track2__distinct_values.json.syms.json	true	13043	/tmp/skv15-p1/logs-interactive/p1b/real_typed_track2__distinct_values.log	true
interactive-samply-profile	/tmp/skv15-p1/profiles-interactive/p1b/real_typed_track2__github_events.json.gz	true	27908	/tmp/skv15-p1/profiles-interactive/p1b/real_typed_track2__github_events.json.syms.json	true	20993	/tmp/skv15-p1/logs-interactive/p1b/real_typed_track2__github_events.log	true
interactive-samply-profile	/tmp/skv15-p1/profiles-interactive/p1b/real_typed_track2__gsoc-2018.json.gz	true	29203	/tmp/skv15-p1/profiles-interactive/p1b/real_typed_track2__gsoc-2018.json.syms.json	true	18612	/tmp/skv15-p1/logs-interactive/p1b/real_typed_track2__gsoc-2018.log	true
interactive-samply-profile	/tmp/skv15-p1/profiles-interactive/p1b/real_typed_track2__instruments.json.gz	true	32999	/tmp/skv15-p1/profiles-interactive/p1b/real_typed_track2__instruments.json.syms.json	true	23761	/tmp/skv15-p1/logs-interactive/p1b/real_typed_track2__instruments.log	true
interactive-samply-profile	/tmp/skv15-p1/profiles-interactive/p1b/real_typed_track2__marine_ik.json.gz	true	20879	/tmp/skv15-p1/profiles-interactive/p1b/real_typed_track2__marine_ik.json.syms.json	true	23074	/tmp/skv15-p1/logs-interactive/p1b/real_typed_track2__marine_ik.log	true
interactive-samply-profile	/tmp/skv15-p1/profiles-interactive/p1b/real_typed_track2__mesh.json.gz	true	27201	/tmp/skv15-p1/profiles-interactive/p1b/real_typed_track2__mesh.json.syms.json	true	18368	/tmp/skv15-p1/logs-interactive/p1b/real_typed_track2__mesh.log	true
interactive-samply-profile	/tmp/skv15-p1/profiles-interactive/p1b/real_typed_track2__numbers.json.gz	true	25831	/tmp/skv15-p1/profiles-interactive/p1b/real_typed_track2__numbers.json.syms.json	true	8937	/tmp/skv15-p1/logs-interactive/p1b/real_typed_track2__numbers.log	true
interactive-samply-profile	/tmp/skv15-p1/profiles-interactive/p1b/real_typed_track2__random.json.gz	true	69021	/tmp/skv15-p1/profiles-interactive/p1b/real_typed_track2__random.json.syms.json	true	19329	/tmp/skv15-p1/logs-interactive/p1b/real_typed_track2__random.log	true
interactive-samply-profile	/tmp/skv15-p1/profiles-interactive/p1b/real_typed_track2__twitter.json.gz	true	13751	/tmp/skv15-p1/profiles-interactive/p1b/real_typed_track2__twitter.json.syms.json	true	19981	/tmp/skv15-p1/logs-interactive/p1b/real_typed_track2__twitter.log	true
interactive-samply-profile	/tmp/skv15-p1/profiles-interactive/p1b/real_typed_track2__unicode_basic.json.gz	true	78628	/tmp/skv15-p1/profiles-interactive/p1b/real_typed_track2__unicode_basic.json.syms.json	true	16864	/tmp/skv15-p1/logs-interactive/p1b/real_typed_track2__unicode_basic.log	true
interactive-samply-profile	/tmp/skv15-p1/profiles-interactive/p1b/real_typed_track2__unicode_escapes.json.gz	true	34714	/tmp/skv15-p1/profiles-interactive/p1b/real_typed_track2__unicode_escapes.json.syms.json	true	15183	/tmp/skv15-p1/logs-interactive/p1b/real_typed_track2__unicode_escapes.log	true
interactive-samply-profile	/tmp/skv15-p1/profiles-interactive/p1b/real_typed_track2__unicode_mixed.json.gz	true	54660	/tmp/skv15-p1/profiles-interactive/p1b/real_typed_track2__unicode_mixed.json.syms.json	true	22843	/tmp/skv15-p1/logs-interactive/p1b/real_typed_track2__unicode_mixed.log	true
interactive-samply-profile	/tmp/skv15-p1/profiles-interactive/p1b/real_typed_track2__update_center.json.gz	true	23685	/tmp/skv15-p1/profiles-interactive/p1b/real_typed_track2__update_center.json.syms.json	true	16778	/tmp/skv15-p1/logs-interactive/p1b/real_typed_track2__update_center.log	true
interactive-samply-profile	/tmp/skv15-p1/profiles-interactive/p1b/real_typed_track2__y_string_unicode.json.gz	true	89874	/tmp/skv15-p1/profiles-interactive/p1b/real_typed_track2__y_string_unicode.json.syms.json	true	12356	/tmp/skv15-p1/logs-interactive/p1b/real_typed_track2__y_string_unicode.log	true
interactive-samply-profile	/tmp/skv15-p1/profiles-interactive/p1c/mode3_json_probes__apache_builds.json.gz	true	50400	/tmp/skv15-p1/profiles-interactive/p1c/mode3_json_probes__apache_builds.json.syms.json	true	289298	/tmp/skv15-p1/logs-interactive/p1c/mode3_json_probes__apache_builds.log	true
interactive-samply-profile	/tmp/skv15-p1/profiles-interactive/p1c/mode3_json_probes__canada.json.gz	true	50795	/tmp/skv15-p1/profiles-interactive/p1c/mode3_json_probes__canada.json.syms.json	true	312153	/tmp/skv15-p1/logs-interactive/p1c/mode3_json_probes__canada.log	true
interactive-samply-profile	/tmp/skv15-p1/profiles-interactive/p1c/mode3_json_probes__citm_catalog.json.gz	true	52156	/tmp/skv15-p1/profiles-interactive/p1c/mode3_json_probes__citm_catalog.json.syms.json	true	314714	/tmp/skv15-p1/logs-interactive/p1c/mode3_json_probes__citm_catalog.log	true
interactive-samply-profile	/tmp/skv15-p1/profiles-interactive/p1c/mode3_json_probes__distinct_values.json.gz	true	50939	/tmp/skv15-p1/profiles-interactive/p1c/mode3_json_probes__distinct_values.json.syms.json	true	306433	/tmp/skv15-p1/logs-interactive/p1c/mode3_json_probes__distinct_values.log	true
interactive-samply-profile	/tmp/skv15-p1/profiles-interactive/p1c/mode3_json_probes__github_events.json.gz	true	50882	/tmp/skv15-p1/profiles-interactive/p1c/mode3_json_probes__github_events.json.syms.json	true	326469	/tmp/skv15-p1/logs-interactive/p1c/mode3_json_probes__github_events.log	true
interactive-samply-profile	/tmp/skv15-p1/profiles-interactive/p1c/mode3_json_probes__gsoc-2018.json.gz	true	53320	/tmp/skv15-p1/profiles-interactive/p1c/mode3_json_probes__gsoc-2018.json.syms.json	true	347308	/tmp/skv15-p1/logs-interactive/p1c/mode3_json_probes__gsoc-2018.log	true
interactive-samply-profile	/tmp/skv15-p1/profiles-interactive/p1c/mode3_json_probes__instruments.json.gz	true	53167	/tmp/skv15-p1/profiles-interactive/p1c/mode3_json_probes__instruments.json.syms.json	true	298189	/tmp/skv15-p1/logs-interactive/p1c/mode3_json_probes__instruments.log	true
interactive-samply-profile	/tmp/skv15-p1/profiles-interactive/p1c/mode3_json_probes__marine_ik.json.gz	true	56239	/tmp/skv15-p1/profiles-interactive/p1c/mode3_json_probes__marine_ik.json.syms.json	true	326153	/tmp/skv15-p1/logs-interactive/p1c/mode3_json_probes__marine_ik.log	true
interactive-samply-profile	/tmp/skv15-p1/profiles-interactive/p1c/mode3_json_probes__mesh.json.gz	true	54503	/tmp/skv15-p1/profiles-interactive/p1c/mode3_json_probes__mesh.json.syms.json	true	313547	/tmp/skv15-p1/logs-interactive/p1c/mode3_json_probes__mesh.log	true
interactive-samply-profile	/tmp/skv15-p1/profiles-interactive/p1c/mode3_json_probes__numbers.json.gz	true	50491	/tmp/skv15-p1/profiles-interactive/p1c/mode3_json_probes__numbers.json.syms.json	true	312957	/tmp/skv15-p1/logs-interactive/p1c/mode3_json_probes__numbers.log	true
interactive-samply-profile	/tmp/skv15-p1/profiles-interactive/p1c/mode3_json_probes__random.json.gz	true	52599	/tmp/skv15-p1/profiles-interactive/p1c/mode3_json_probes__random.json.syms.json	true	346617	/tmp/skv15-p1/logs-interactive/p1c/mode3_json_probes__random.log	true
interactive-samply-profile	/tmp/skv15-p1/profiles-interactive/p1c/mode3_json_probes__twitter.json.gz	true	51273	/tmp/skv15-p1/profiles-interactive/p1c/mode3_json_probes__twitter.json.syms.json	true	316785	/tmp/skv15-p1/logs-interactive/p1c/mode3_json_probes__twitter.log	true
interactive-samply-profile	/tmp/skv15-p1/profiles-interactive/p1c/mode3_json_probes__unicode_basic.json.gz	true	52593	/tmp/skv15-p1/profiles-interactive/p1c/mode3_json_probes__unicode_basic.json.syms.json	true	320600	/tmp/skv15-p1/logs-interactive/p1c/mode3_json_probes__unicode_basic.log	true
interactive-samply-profile	/tmp/skv15-p1/profiles-interactive/p1c/mode3_json_probes__unicode_escapes.json.gz	true	51855	/tmp/skv15-p1/profiles-interactive/p1c/mode3_json_probes__unicode_escapes.json.syms.json	true	293593	/tmp/skv15-p1/logs-interactive/p1c/mode3_json_probes__unicode_escapes.log	true
interactive-samply-profile	/tmp/skv15-p1/profiles-interactive/p1c/mode3_json_probes__unicode_mixed.json.gz	true	52378	/tmp/skv15-p1/profiles-interactive/p1c/mode3_json_probes__unicode_mixed.json.syms.json	true	314318	/tmp/skv15-p1/logs-interactive/p1c/mode3_json_probes__unicode_mixed.log	true
interactive-samply-profile	/tmp/skv15-p1/profiles-interactive/p1c/mode3_json_probes__update_center.json.gz	true	51709	/tmp/skv15-p1/profiles-interactive/p1c/mode3_json_probes__update_center.json.syms.json	true	313865	/tmp/skv15-p1/logs-interactive/p1c/mode3_json_probes__update_center.log	true
interactive-samply-profile	/tmp/skv15-p1/profiles-interactive/p1c/mode3_json_probes__y_string_unicode.json.gz	true	50962	/tmp/skv15-p1/profiles-interactive/p1c/mode3_json_probes__y_string_unicode.json.syms.json	true	294466	/tmp/skv15-p1/logs-interactive/p1c/mode3_json_probes__y_string_unicode.log	true
interactive-samply-profile	/tmp/skv15-p1/profiles-interactive/p1c/mode3_simd_scan__apache_builds.json.gz	true	8114	/tmp/skv15-p1/profiles-interactive/p1c/mode3_simd_scan__apache_builds.json.syms.json	true	48342	/tmp/skv15-p1/logs-interactive/p1c/mode3_simd_scan__apache_builds.log	true
interactive-samply-profile	/tmp/skv15-p1/profiles-interactive/p1c/mode3_simd_scan__canada.json.gz	true	7324	/tmp/skv15-p1/profiles-interactive/p1c/mode3_simd_scan__canada.json.syms.json	true	50024	/tmp/skv15-p1/logs-interactive/p1c/mode3_simd_scan__canada.log	true
interactive-samply-profile	/tmp/skv15-p1/profiles-interactive/p1c/mode3_simd_scan__citm_catalog.json.gz	true	8029	/tmp/skv15-p1/profiles-interactive/p1c/mode3_simd_scan__citm_catalog.json.syms.json	true	71051	/tmp/skv15-p1/logs-interactive/p1c/mode3_simd_scan__citm_catalog.log	true
interactive-samply-profile	/tmp/skv15-p1/profiles-interactive/p1c/mode3_simd_scan__distinct_values.json.gz	true	7867	/tmp/skv15-p1/profiles-interactive/p1c/mode3_simd_scan__distinct_values.json.syms.json	true	56859	/tmp/skv15-p1/logs-interactive/p1c/mode3_simd_scan__distinct_values.log	true
interactive-samply-profile	/tmp/skv15-p1/profiles-interactive/p1c/mode3_simd_scan__github_events.json.gz	true	7020	/tmp/skv15-p1/profiles-interactive/p1c/mode3_simd_scan__github_events.json.syms.json	true	44821	/tmp/skv15-p1/logs-interactive/p1c/mode3_simd_scan__github_events.log	true
interactive-samply-profile	/tmp/skv15-p1/profiles-interactive/p1c/mode3_simd_scan__gsoc-2018.json.gz	true	7192	/tmp/skv15-p1/profiles-interactive/p1c/mode3_simd_scan__gsoc-2018.json.syms.json	true	63523	/tmp/skv15-p1/logs-interactive/p1c/mode3_simd_scan__gsoc-2018.log	true
interactive-samply-profile	/tmp/skv15-p1/profiles-interactive/p1c/mode3_simd_scan__instruments.json.gz	true	8457	/tmp/skv15-p1/profiles-interactive/p1c/mode3_simd_scan__instruments.json.syms.json	true	59886	/tmp/skv15-p1/logs-interactive/p1c/mode3_simd_scan__instruments.log	true
interactive-samply-profile	/tmp/skv15-p1/profiles-interactive/p1c/mode3_simd_scan__marine_ik.json.gz	true	8562	/tmp/skv15-p1/profiles-interactive/p1c/mode3_simd_scan__marine_ik.json.syms.json	true	72577	/tmp/skv15-p1/logs-interactive/p1c/mode3_simd_scan__marine_ik.log	true
interactive-samply-profile	/tmp/skv15-p1/profiles-interactive/p1c/mode3_simd_scan__mesh.json.gz	true	7055	/tmp/skv15-p1/profiles-interactive/p1c/mode3_simd_scan__mesh.json.syms.json	true	59151	/tmp/skv15-p1/logs-interactive/p1c/mode3_simd_scan__mesh.log	true
interactive-samply-profile	/tmp/skv15-p1/profiles-interactive/p1c/mode3_simd_scan__numbers.json.gz	true	7862	/tmp/skv15-p1/profiles-interactive/p1c/mode3_simd_scan__numbers.json.syms.json	true	65209	/tmp/skv15-p1/logs-interactive/p1c/mode3_simd_scan__numbers.log	true
interactive-samply-profile	/tmp/skv15-p1/profiles-interactive/p1c/mode3_simd_scan__random.json.gz	true	7138	/tmp/skv15-p1/profiles-interactive/p1c/mode3_simd_scan__random.json.syms.json	true	66395	/tmp/skv15-p1/logs-interactive/p1c/mode3_simd_scan__random.log	true
interactive-samply-profile	/tmp/skv15-p1/profiles-interactive/p1c/mode3_simd_scan__twitter.json.gz	true	7061	/tmp/skv15-p1/profiles-interactive/p1c/mode3_simd_scan__twitter.json.syms.json	true	62924	/tmp/skv15-p1/logs-interactive/p1c/mode3_simd_scan__twitter.log	true
interactive-samply-profile	/tmp/skv15-p1/profiles-interactive/p1c/mode3_simd_scan__unicode_basic.json.gz	true	8267	/tmp/skv15-p1/profiles-interactive/p1c/mode3_simd_scan__unicode_basic.json.syms.json	true	92863	/tmp/skv15-p1/logs-interactive/p1c/mode3_simd_scan__unicode_basic.log	true
interactive-samply-profile	/tmp/skv15-p1/profiles-interactive/p1c/mode3_simd_scan__unicode_escapes.json.gz	true	8062	/tmp/skv15-p1/profiles-interactive/p1c/mode3_simd_scan__unicode_escapes.json.syms.json	true	67536	/tmp/skv15-p1/logs-interactive/p1c/mode3_simd_scan__unicode_escapes.log	true
interactive-samply-profile	/tmp/skv15-p1/profiles-interactive/p1c/mode3_simd_scan__unicode_mixed.json.gz	true	7172	/tmp/skv15-p1/profiles-interactive/p1c/mode3_simd_scan__unicode_mixed.json.syms.json	true	66564	/tmp/skv15-p1/logs-interactive/p1c/mode3_simd_scan__unicode_mixed.log	true
interactive-samply-profile	/tmp/skv15-p1/profiles-interactive/p1c/mode3_simd_scan__update_center.json.gz	true	7462	/tmp/skv15-p1/profiles-interactive/p1c/mode3_simd_scan__update_center.json.syms.json	true	87374	/tmp/skv15-p1/logs-interactive/p1c/mode3_simd_scan__update_center.log	true
interactive-samply-profile	/tmp/skv15-p1/profiles-interactive/p1c/mode3_simd_scan__y_string_unicode.json.gz	true	7235	/tmp/skv15-p1/profiles-interactive/p1c/mode3_simd_scan__y_string_unicode.json.syms.json	true	50643	/tmp/skv15-p1/logs-interactive/p1c/mode3_simd_scan__y_string_unicode.log	true
