surface	corpus	raw_rank	raw_pct	raw_function	raw_file_line	primitive_boundary	attribution_status	s_p2_antecedent_status	redress_routing
p1a_parse_only_track1	twitter	2	0.07	profile_direct::run_once	skinny/crates/bbnf-bench/src/bin/profile_direct.rs:154	harness/checksum-loop	unknown/harness/sidecar-symbolization	blocked:do-not-use-as-parser-primitive	measurement-only; does not reopen REDRESS-50-55/60-72/80/82-84/88/89
p1b_direct_strict_track1	twitter	1	75.19	<bbnf_bench::generated_real_typed::DirectParser>::skip_value	skinny/crates/bbnf-bench/src/generated_real_typed.rs:4174	generic direct-product parser cursor	generated strict-product wrapper	allowed:cursor/skip/ws primitive, not schema name	measurement-only; does not reopen REDRESS-50-55/60-72/80/82-84/88/89
p1b_direct_strict_track2	twitter	1	38.50	<serde_json::de::Deserializer<serde_json::read::SliceRead>>::ignore_value	index.crates.io-1949cf8c6b5b557f/serde_json-1.0.149/src/de.rs:1102	comparator parser work	comparator-side hot leaf	diagnostic only	measurement-only; does not reopen REDRESS-50-55/60-72/80/82-84/88/89
p1b_real_typed_track1	twitter	1	74.41	<bbnf_bench::generated_real_typed::DirectParser>::skip_value	skinny/crates/bbnf-bench/src/generated_real_typed.rs:4174	generic direct-product parser cursor	generated strict-product wrapper	allowed:cursor/skip/ws primitive, not schema name	measurement-only; does not reopen REDRESS-50-55/60-72/80/82-84/88/89
p1b_real_typed_track2	twitter	1	39.09	<serde_json::de::Deserializer<serde_json::read::SliceRead>>::ignore_value	index.crates.io-1949cf8c6b5b557f/serde_json-1.0.149/src/de.rs:1102	comparator parser work	comparator-side hot leaf	diagnostic only	measurement-only; does not reopen REDRESS-50-55/60-72/80/82-84/88/89
p1c_json_probes	twitter	1	8.67	core::str::validations::run_utf8_validation	/rustc/02c7f9bec0fd583160f8bcccb830216023b07bee/library/core/src/str/validations.rs:133	unicode/string validation	grammar-neutral string primitive	allowed:unicode/string	measurement-only; does not reopen REDRESS-50-55/60-72/80/82-84/88/89
p1c_simd_scan	twitter	5	5.41	runtime::generated_json::scan::neon::scan	skinny/crates/runtime/src/grammars/json/scan.rs:217	grammar-neutral structural scanner wrapper	generated-json-wrapper-over-generic-scan	allowed only after generic scanner boundary is cited	measurement-only; does not reopen REDRESS-50-55/60-72/80/82-84/88/89
p1a_parse_only_track1	citm_catalog	1	99.71	<alloc::vec::Vec<runtime::generated_json::generated::ParseOnlyFrame>>::push_mut	nightly-2026-04-11-aarch64-apple-darwin/lib/rustlib/src/rust/library/alloc/src/vec/mod.rs:1041	allocation/tape materialization	generic allocation/tape	allowed:tape/allocation pressure	measurement-only; does not reopen REDRESS-50-55/60-72/80/82-84/88/89
p1b_direct_strict_track1	citm_catalog	1	74.74	<bbnf_bench::generated_real_typed::DirectParser>::skip_value	skinny/crates/bbnf-bench/src/generated_real_typed.rs:4174	generic direct-product parser cursor	generated strict-product wrapper	allowed:cursor/skip/ws primitive, not schema name	measurement-only; does not reopen REDRESS-50-55/60-72/80/82-84/88/89
p1b_direct_strict_track2	citm_catalog	2	6.45	<serde_json::read::SliceRead>::skip_to_escape	index.crates.io-1949cf8c6b5b557f/serde_json-1.0.149/src/read.rs:432	comparator parser work	comparator-side hot leaf	diagnostic only	measurement-only; does not reopen REDRESS-50-55/60-72/80/82-84/88/89
p1b_real_typed_track1	citm_catalog	1	70.78	<bbnf_bench::generated_real_typed::DirectParser>::skip_value	skinny/crates/bbnf-bench/src/generated_real_typed.rs:4174	generic direct-product parser cursor	generated strict-product wrapper	allowed:cursor/skip/ws primitive, not schema name	measurement-only; does not reopen REDRESS-50-55/60-72/80/82-84/88/89
p1b_real_typed_track2	citm_catalog	1	77.15	<serde_json::de::Deserializer<serde_json::read::SliceRead>>::ignore_value	index.crates.io-1949cf8c6b5b557f/serde_json-1.0.149/src/de.rs:1102	comparator parser work	comparator-side hot leaf	diagnostic only	measurement-only; does not reopen REDRESS-50-55/60-72/80/82-84/88/89
p1c_json_probes	citm_catalog	1	8.46	core::str::validations::run_utf8_validation	/rustc/02c7f9bec0fd583160f8bcccb830216023b07bee/library/core/src/str/validations.rs:133	unicode/string validation	grammar-neutral string primitive	allowed:unicode/string	measurement-only; does not reopen REDRESS-50-55/60-72/80/82-84/88/89
p1c_simd_scan	citm_catalog	5	4.41	bbnf_simd::aarch64::movemask::movemask_u8x16	skinny/crates/bbnf-simd/src/aarch64/movemask.rs:22	NEON movemask scanner primitive	grammar-neutral SIMD scanner	allowed:simd structural scan	measurement-only; does not reopen REDRESS-50-55/60-72/80/82-84/88/89
p1a_parse_only_track1	canada	1	99.87	<alloc::vec::Vec<runtime::generated_json::generated::ParseOnlyFrame>>::push_mut	nightly-2026-04-11-aarch64-apple-darwin/lib/rustlib/src/rust/library/alloc/src/vec/mod.rs:1041	allocation/tape materialization	generic allocation/tape	allowed:tape/allocation pressure	measurement-only; does not reopen REDRESS-50-55/60-72/80/82-84/88/89
p1b_direct_strict_track1	canada	3	10.37	core::str::validations::run_utf8_validation	/rustc/02c7f9bec0fd583160f8bcccb830216023b07bee/library/core/src/str/validations.rs:133	unicode/string validation	grammar-neutral string primitive	allowed:unicode/string	measurement-only; does not reopen REDRESS-50-55/60-72/80/82-84/88/89
p1b_direct_strict_track2	canada	2	11.32	<serde_json::de::Deserializer<serde_json::read::SliceRead>>::ignore_integer	index.crates.io-1949cf8c6b5b557f/serde_json-1.0.149/src/de.rs:1217	comparator parser work	comparator-side hot leaf	diagnostic only	measurement-only; does not reopen REDRESS-50-55/60-72/80/82-84/88/89
p1b_real_typed_track1	canada	2	32.61	<bbnf_bench::generated_real_typed::DirectParser>::tiny_plain_string_end	skinny/crates/bbnf-bench/src/generated_real_typed.rs:4249	generic direct-product parser cursor	generated strict-product wrapper	allowed:cursor/skip/ws primitive, not schema name	measurement-only; does not reopen REDRESS-50-55/60-72/80/82-84/88/89
p1b_real_typed_track2	canada	2	12.91	<serde_json::read::SliceRead as serde_json::read::Read>::position	index.crates.io-1949cf8c6b5b557f/serde_json-1.0.149/src/read.rs:574	comparator parser work	comparator-side hot leaf	diagnostic only	measurement-only; does not reopen REDRESS-50-55/60-72/80/82-84/88/89
p1c_json_probes	canada	1	8.69	core::str::validations::run_utf8_validation	/rustc/02c7f9bec0fd583160f8bcccb830216023b07bee/library/core/src/str/validations.rs:133	unicode/string validation	grammar-neutral string primitive	allowed:unicode/string	measurement-only; does not reopen REDRESS-50-55/60-72/80/82-84/88/89
p1c_simd_scan	canada	1	37.58	<u32>::wrapping_add	nightly-2026-04-11-aarch64-apple-darwin/lib/rustlib/src/rust/library/core/src/num/uint_macros.rs:2511	benchmark hash/checksum work	harness/masking-cost	blocked as parser primitive	measurement-only; does not reopen REDRESS-50-55/60-72/80/82-84/88/89
p1a_parse_only_track1	apache_builds	1	99.73	parse_that_regex::skip_ascii_whitespace	skinny/crates/parse-that-regex/src/lib.rs:121	generic string/whitespace scanner	grammar-neutral scanner primitive	allowed:scan/string	measurement-only; does not reopen REDRESS-50-55/60-72/80/82-84/88/89
p1b_direct_strict_track1	apache_builds	1	43.90	<u64>::wrapping_add	nightly-2026-04-11-aarch64-apple-darwin/lib/rustlib/src/rust/library/core/src/num/uint_macros.rs:2511	benchmark hash/checksum work	harness/masking-cost	blocked as parser primitive	measurement-only; does not reopen REDRESS-50-55/60-72/80/82-84/88/89
p1b_direct_strict_track2	apache_builds	1	25.44	<core::slice::iter::Iter<bbnf_bench::real_typed_struct::ApacheJob> as core::iter::traits::iterator::Iterator>::next	nightly-2026-04-11-aarch64-apple-darwin/lib/rustlib/src/rust/library/core/src/slice/iter/macros.rs:180	typed-product materialization iterator	harness/product-materialization	blocked as parser primitive	measurement-only; does not reopen REDRESS-50-55/60-72/80/82-84/88/89
p1b_real_typed_track1	apache_builds	1	44.96	<u64>::wrapping_add	nightly-2026-04-11-aarch64-apple-darwin/lib/rustlib/src/rust/library/core/src/num/uint_macros.rs:2511	benchmark hash/checksum work	harness/masking-cost	blocked as parser primitive	measurement-only; does not reopen REDRESS-50-55/60-72/80/82-84/88/89
p1b_real_typed_track2	apache_builds	1	25.77	<u64>::wrapping_add	nightly-2026-04-11-aarch64-apple-darwin/lib/rustlib/src/rust/library/core/src/num/uint_macros.rs:2511	benchmark hash/checksum work	harness/masking-cost	blocked as parser primitive	measurement-only; does not reopen REDRESS-50-55/60-72/80/82-84/88/89
p1c_json_probes	apache_builds	1	9.44	core::str::validations::run_utf8_validation	/rustc/02c7f9bec0fd583160f8bcccb830216023b07bee/library/core/src/str/validations.rs:133	unicode/string validation	grammar-neutral string primitive	allowed:unicode/string	measurement-only; does not reopen REDRESS-50-55/60-72/80/82-84/88/89
p1c_simd_scan	apache_builds	1	42.70	<u32>::wrapping_add	nightly-2026-04-11-aarch64-apple-darwin/lib/rustlib/src/rust/library/core/src/num/uint_macros.rs:2511	benchmark hash/checksum work	harness/masking-cost	blocked as parser primitive	measurement-only; does not reopen REDRESS-50-55/60-72/80/82-84/88/89
p1a_parse_only_track1	github_events	1	99.43	profile_direct::parse_only_checksum	skinny/crates/bbnf-bench/src/bin/profile_direct.rs:213	harness/checksum-loop	unknown/harness/sidecar-symbolization	blocked:do-not-use-as-parser-primitive	measurement-only; does not reopen REDRESS-50-55/60-72/80/82-84/88/89
p1b_direct_strict_track1	github_events	1	37.94	<bbnf_bench::generated_real_typed::DirectParser>::skip_value	skinny/crates/bbnf-bench/src/generated_real_typed.rs:4174	generic direct-product parser cursor	generated strict-product wrapper	allowed:cursor/skip/ws primitive, not schema name	measurement-only; does not reopen REDRESS-50-55/60-72/80/82-84/88/89
p1b_direct_strict_track2	github_events	1	17.38	<serde_json::read::SliceRead>::skip_to_escape	index.crates.io-1949cf8c6b5b557f/serde_json-1.0.149/src/read.rs:434	comparator parser work	comparator-side hot leaf	diagnostic only	measurement-only; does not reopen REDRESS-50-55/60-72/80/82-84/88/89
p1b_real_typed_track1	github_events	1	42.13	<bbnf_bench::generated_real_typed::DirectParser>::skip_value	skinny/crates/bbnf-bench/src/generated_real_typed.rs:4174	generic direct-product parser cursor	generated strict-product wrapper	allowed:cursor/skip/ws primitive, not schema name	measurement-only; does not reopen REDRESS-50-55/60-72/80/82-84/88/89
p1b_real_typed_track2	github_events	1	19.62	<serde_json::read::SliceRead>::skip_to_escape	index.crates.io-1949cf8c6b5b557f/serde_json-1.0.149/src/read.rs:434	comparator parser work	comparator-side hot leaf	diagnostic only	measurement-only; does not reopen REDRESS-50-55/60-72/80/82-84/88/89
p1c_json_probes	github_events	1	9.23	core::str::validations::run_utf8_validation	/rustc/02c7f9bec0fd583160f8bcccb830216023b07bee/library/core/src/str/validations.rs:133	unicode/string validation	grammar-neutral string primitive	allowed:unicode/string	measurement-only; does not reopen REDRESS-50-55/60-72/80/82-84/88/89
p1c_simd_scan	github_events	1	39.87	<u32>::wrapping_add	nightly-2026-04-11-aarch64-apple-darwin/lib/rustlib/src/rust/library/core/src/num/uint_macros.rs:2511	benchmark hash/checksum work	harness/masking-cost	blocked as parser primitive	measurement-only; does not reopen REDRESS-50-55/60-72/80/82-84/88/89
p1a_parse_only_track1	update_center	1	99.82	<alloc::vec::Vec<runtime::generated_json::generated::ParseOnlyFrame>>::as_slice	nightly-2026-04-11-aarch64-apple-darwin/lib/rustlib/src/rust/library/alloc/src/vec/mod.rs:1840	allocation/tape materialization	generic allocation/tape	allowed:tape/allocation pressure	measurement-only; does not reopen REDRESS-50-55/60-72/80/82-84/88/89
p1b_direct_strict_track1	update_center	1	33.01	bbnf_bench::generated_real_typed::parse_type_plugin_ordered	skinny/crates/bbnf-bench/src/generated_real_typed.rs:837	schema-shaped generated product builder	schema-wrapper	blocked as primitive; use builder pattern only	measurement-only; does not reopen REDRESS-50-55/60-72/80/82-84/88/89
p1b_direct_strict_track2	update_center	1	24.04	<serde_json::read::SliceRead>::skip_to_escape	index.crates.io-1949cf8c6b5b557f/serde_json-1.0.149/src/read.rs:432	comparator parser work	comparator-side hot leaf	diagnostic only	measurement-only; does not reopen REDRESS-50-55/60-72/80/82-84/88/89
p1b_real_typed_track1	update_center	1	30.39	bbnf_bench::generated_real_typed::parse_type_plugin_ordered	skinny/crates/bbnf-bench/src/generated_real_typed.rs:837	schema-shaped generated product builder	schema-wrapper	blocked as primitive; use builder pattern only	measurement-only; does not reopen REDRESS-50-55/60-72/80/82-84/88/89
p1b_real_typed_track2	update_center	1	24.97	<serde_json::read::SliceRead>::skip_to_escape	index.crates.io-1949cf8c6b5b557f/serde_json-1.0.149/src/read.rs:432	comparator parser work	comparator-side hot leaf	diagnostic only	measurement-only; does not reopen REDRESS-50-55/60-72/80/82-84/88/89
p1c_json_probes	update_center	1	9.21	core::str::validations::run_utf8_validation	/rustc/02c7f9bec0fd583160f8bcccb830216023b07bee/library/core/src/str/validations.rs:133	unicode/string validation	grammar-neutral string primitive	allowed:unicode/string	measurement-only; does not reopen REDRESS-50-55/60-72/80/82-84/88/89
p1c_simd_scan	update_center	1	37.58	<u32>::wrapping_add	nightly-2026-04-11-aarch64-apple-darwin/lib/rustlib/src/rust/library/core/src/num/uint_macros.rs:2511	benchmark hash/checksum work	harness/masking-cost	blocked as parser primitive	measurement-only; does not reopen REDRESS-50-55/60-72/80/82-84/88/89
p1a_parse_only_track1	mesh	1	99.84	<alloc::vec::Vec<runtime::generated_json::generated::ParseOnlyFrame>>::push_mut	nightly-2026-04-11-aarch64-apple-darwin/lib/rustlib/src/rust/library/alloc/src/vec/mod.rs:1041	allocation/tape materialization	generic allocation/tape	allowed:tape/allocation pressure	measurement-only; does not reopen REDRESS-50-55/60-72/80/82-84/88/89
p1b_direct_strict_track1	mesh	1	42.79	bbnf_bench::generated_real_typed::parse_type_mesh	skinny/crates/bbnf-bench/src/generated_real_typed.rs:1886	schema-shaped generated product builder	schema-wrapper	blocked as primitive; use builder pattern only	measurement-only; does not reopen REDRESS-50-55/60-72/80/82-84/88/89
p1b_direct_strict_track2	mesh	1	28.03	<serde_json::de::Deserializer<serde_json::read::SliceRead>>::parse_decimal	index.crates.io-1949cf8c6b5b557f/serde_json-1.0.149/src/de.rs:530	comparator parser work	comparator-side hot leaf	diagnostic only	measurement-only; does not reopen REDRESS-50-55/60-72/80/82-84/88/89
p1b_real_typed_track1	mesh	1	43.39	bbnf_bench::generated_real_typed::parse_type_mesh	skinny/crates/bbnf-bench/src/generated_real_typed.rs:1886	schema-shaped generated product builder	schema-wrapper	blocked as primitive; use builder pattern only	measurement-only; does not reopen REDRESS-50-55/60-72/80/82-84/88/89
p1b_real_typed_track2	mesh	1	28.18	<serde_json::de::Deserializer<serde_json::read::SliceRead>>::parse_decimal	index.crates.io-1949cf8c6b5b557f/serde_json-1.0.149/src/de.rs:530	comparator parser work	comparator-side hot leaf	diagnostic only	measurement-only; does not reopen REDRESS-50-55/60-72/80/82-84/88/89
p1c_json_probes	mesh	1	8.29	core::str::validations::run_utf8_validation	/rustc/02c7f9bec0fd583160f8bcccb830216023b07bee/library/core/src/str/validations.rs:133	unicode/string validation	grammar-neutral string primitive	allowed:unicode/string	measurement-only; does not reopen REDRESS-50-55/60-72/80/82-84/88/89
p1c_simd_scan	mesh	4	7.44	rot16_128	index.crates.io-1949cf8c6b5b557f/blake3-1.8.5/c/blake3_neon.c:41	benchmark hash/checksum work	harness/masking-cost	blocked as parser primitive	measurement-only; does not reopen REDRESS-50-55/60-72/80/82-84/88/89
p1a_parse_only_track1	random	1	99.85	<alloc::vec::Vec<runtime::generated_json::generated::ParseOnlyFrame>>::push_mut	nightly-2026-04-11-aarch64-apple-darwin/lib/rustlib/src/rust/library/alloc/src/vec/mod.rs:1041	allocation/tape materialization	generic allocation/tape	allowed:tape/allocation pressure	measurement-only; does not reopen REDRESS-50-55/60-72/80/82-84/88/89
p1b_direct_strict_track1	random	1	37.09	<bbnf_bench::generated_real_typed::DirectParser>::ws	skinny/crates/bbnf-bench/src/generated_real_typed.rs:3763	generic direct-product parser cursor	generated strict-product wrapper	allowed:cursor/skip/ws primitive, not schema name	measurement-only; does not reopen REDRESS-50-55/60-72/80/82-84/88/89
p1b_direct_strict_track2	random	1	21.10	core::str::validations::run_utf8_validation	/rustc/02c7f9bec0fd583160f8bcccb830216023b07bee/library/core/src/str/validations.rs:133	unicode/string validation	grammar-neutral string primitive	allowed:unicode/string	measurement-only; does not reopen REDRESS-50-55/60-72/80/82-84/88/89
p1b_real_typed_track1	random	1	30.39	alloc::alloc::alloc	nightly-2026-04-11-aarch64-apple-darwin/lib/rustlib/src/rust/library/alloc/src/alloc.rs:101	allocation/tape materialization	generic allocation/tape	allowed:tape/allocation pressure	measurement-only; does not reopen REDRESS-50-55/60-72/80/82-84/88/89
p1b_real_typed_track2	random	1	21.85	core::str::validations::run_utf8_validation	/rustc/02c7f9bec0fd583160f8bcccb830216023b07bee/library/core/src/str/validations.rs:133	unicode/string validation	grammar-neutral string primitive	allowed:unicode/string	measurement-only; does not reopen REDRESS-50-55/60-72/80/82-84/88/89
p1c_json_probes	random	1	9.49	core::str::validations::run_utf8_validation	/rustc/02c7f9bec0fd583160f8bcccb830216023b07bee/library/core/src/str/validations.rs:133	unicode/string validation	grammar-neutral string primitive	allowed:unicode/string	measurement-only; does not reopen REDRESS-50-55/60-72/80/82-84/88/89
p1c_simd_scan	random	5	5.41	core::core_arch::arm_shared::neon::generated::vceqq_u8	nightly-2026-04-11-aarch64-apple-darwin/lib/rustlib/src/rust/library/core/src/../../stdarch/crates/core_arch/src/arm_shared/neon/generated.rs:5180	NEON byte-compare scanner primitive	grammar-neutral SIMD scanner	allowed:simd structural scan	measurement-only; does not reopen REDRESS-50-55/60-72/80/82-84/88/89
p1a_parse_only_track1	gsoc-2018	1	99.81	<alloc::vec::Vec<runtime::generated_json::generated::ParseOnlyFrame>>::as_slice	nightly-2026-04-11-aarch64-apple-darwin/lib/rustlib/src/rust/library/alloc/src/vec/mod.rs:1840	allocation/tape materialization	generic allocation/tape	allowed:tape/allocation pressure	measurement-only; does not reopen REDRESS-50-55/60-72/80/82-84/88/89
p1b_direct_strict_track1	gsoc-2018	1	99.03	<bbnf_bench::generated_real_typed::DirectParser>::ws	skinny/crates/bbnf-bench/src/generated_real_typed.rs:3763	generic direct-product parser cursor	generated strict-product wrapper	allowed:cursor/skip/ws primitive, not schema name	measurement-only; does not reopen REDRESS-50-55/60-72/80/82-84/88/89
p1b_direct_strict_track2	gsoc-2018	1	71.32	<bbnf_bench::real_typed_struct::DecodedJsonString as serde_core::de::Deserialize>::deserialize::<&mut serde_json::de::Deserializer<serde_json::read::SliceRead>>	skinny/crates/bbnf-bench/src/real_typed_struct.rs:812	comparator parser work	comparator-side hot leaf	diagnostic only	measurement-only; does not reopen REDRESS-50-55/60-72/80/82-84/88/89
p1b_real_typed_track1	gsoc-2018	1	98.72	<bbnf_bench::generated_real_typed::DirectParser>::ws	skinny/crates/bbnf-bench/src/generated_real_typed.rs:3763	generic direct-product parser cursor	generated strict-product wrapper	allowed:cursor/skip/ws primitive, not schema name	measurement-only; does not reopen REDRESS-50-55/60-72/80/82-84/88/89
p1b_real_typed_track2	gsoc-2018	1	70.79	<bbnf_bench::real_typed_struct::DecodedJsonString as serde_core::de::Deserialize>::deserialize::<&mut serde_json::de::Deserializer<serde_json::read::SliceRead>>	skinny/crates/bbnf-bench/src/real_typed_struct.rs:812	comparator parser work	comparator-side hot leaf	diagnostic only	measurement-only; does not reopen REDRESS-50-55/60-72/80/82-84/88/89
p1c_json_probes	gsoc-2018	1	9.98	<alloc::vec::Vec<u32>>::as_slice	nightly-2026-04-11-aarch64-apple-darwin/lib/rustlib/src/rust/library/alloc/src/vec/mod.rs:1840	allocation/tape materialization	generic allocation/tape	allowed:tape/allocation pressure	measurement-only; does not reopen REDRESS-50-55/60-72/80/82-84/88/89
p1c_simd_scan	gsoc-2018	1	37.54	<u32>::wrapping_add	nightly-2026-04-11-aarch64-apple-darwin/lib/rustlib/src/rust/library/core/src/num/uint_macros.rs:2511	benchmark hash/checksum work	harness/masking-cost	blocked as parser primitive	measurement-only; does not reopen REDRESS-50-55/60-72/80/82-84/88/89
p1a_parse_only_track1	marine_ik	1	99.83	<alloc::vec::Vec<runtime::generated_json::generated::ParseOnlyFrame>>::push_mut	nightly-2026-04-11-aarch64-apple-darwin/lib/rustlib/src/rust/library/alloc/src/vec/mod.rs:1041	allocation/tape materialization	generic allocation/tape	allowed:tape/allocation pressure	measurement-only; does not reopen REDRESS-50-55/60-72/80/82-84/88/89
p1b_direct_strict_track1	marine_ik	1	41.55	bbnf_bench::generated_real_typed::parse_type_marine_geometry_data	skinny/crates/bbnf-bench/src/generated_real_typed.rs:2078	schema-shaped generated product builder	schema-wrapper	blocked as primitive; use builder pattern only	measurement-only; does not reopen REDRESS-50-55/60-72/80/82-84/88/89
p1b_direct_strict_track2	marine_ik	2	13.80	<serde_json::de::Deserializer<serde_json::read::SliceRead>>::ignore_integer	index.crates.io-1949cf8c6b5b557f/serde_json-1.0.149/src/de.rs:1217	comparator parser work	comparator-side hot leaf	diagnostic only	measurement-only; does not reopen REDRESS-50-55/60-72/80/82-84/88/89
p1b_real_typed_track1	marine_ik	1	40.83	<bbnf_bench::generated_real_typed::DirectParser>::skip_value	skinny/crates/bbnf-bench/src/generated_real_typed.rs:4174	generic direct-product parser cursor	generated strict-product wrapper	allowed:cursor/skip/ws primitive, not schema name	measurement-only; does not reopen REDRESS-50-55/60-72/80/82-84/88/89
p1b_real_typed_track2	marine_ik	2	14.61	<serde_json::de::Deserializer<serde_json::read::SliceRead>>::ignore_integer	index.crates.io-1949cf8c6b5b557f/serde_json-1.0.149/src/de.rs:1217	comparator parser work	comparator-side hot leaf	diagnostic only	measurement-only; does not reopen REDRESS-50-55/60-72/80/82-84/88/89
p1c_json_probes	marine_ik	1	7.36	core::str::validations::run_utf8_validation	/rustc/02c7f9bec0fd583160f8bcccb830216023b07bee/library/core/src/str/validations.rs:133	unicode/string validation	grammar-neutral string primitive	allowed:unicode/string	measurement-only; does not reopen REDRESS-50-55/60-72/80/82-84/88/89
p1c_simd_scan	marine_ik	1	34.85	<u32>::wrapping_add	nightly-2026-04-11-aarch64-apple-darwin/lib/rustlib/src/rust/library/core/src/num/uint_macros.rs:2511	benchmark hash/checksum work	harness/masking-cost	blocked as parser primitive	measurement-only; does not reopen REDRESS-50-55/60-72/80/82-84/88/89
p1a_parse_only_track1	instruments	1	99.92	<alloc::vec::Vec<runtime::generated_json::generated::ParseOnlyFrame>>::as_slice	nightly-2026-04-11-aarch64-apple-darwin/lib/rustlib/src/rust/library/alloc/src/vec/mod.rs:1840	allocation/tape materialization	generic allocation/tape	allowed:tape/allocation pressure	measurement-only; does not reopen REDRESS-50-55/60-72/80/82-84/88/89
p1b_direct_strict_track1	instruments	1	31.24	bbnf_bench::generated_real_typed::parse_type_instrument	skinny/crates/bbnf-bench/src/generated_real_typed.rs:2154	schema-shaped generated product builder	schema-wrapper	blocked as primitive; use builder pattern only	measurement-only; does not reopen REDRESS-50-55/60-72/80/82-84/88/89
p1b_direct_strict_track2	instruments	1	28.69	<serde_json::de::MapAccess<_> as serde_core::de::MapAccess>::next_key_seed::has_next_key::<serde_json::read::SliceRead>	index.crates.io-1949cf8c6b5b557f/serde_json-1.0.149/src/de.rs:1990	comparator parser work	comparator-side hot leaf	diagnostic only	measurement-only; does not reopen REDRESS-50-55/60-72/80/82-84/88/89
p1b_real_typed_track1	instruments	1	30.28	bbnf_bench::generated_real_typed::parse_type_instrument	skinny/crates/bbnf-bench/src/generated_real_typed.rs:2154	schema-shaped generated product builder	schema-wrapper	blocked as primitive; use builder pattern only	measurement-only; does not reopen REDRESS-50-55/60-72/80/82-84/88/89
p1b_real_typed_track2	instruments	1	30.49	<serde_json::de::MapAccess<_> as serde_core::de::MapAccess>::next_key_seed::has_next_key::<serde_json::read::SliceRead>	index.crates.io-1949cf8c6b5b557f/serde_json-1.0.149/src/de.rs:1990	comparator parser work	comparator-side hot leaf	diagnostic only	measurement-only; does not reopen REDRESS-50-55/60-72/80/82-84/88/89
p1c_json_probes	instruments	1	8.71	core::str::validations::run_utf8_validation	/rustc/02c7f9bec0fd583160f8bcccb830216023b07bee/library/core/src/str/validations.rs:133	unicode/string validation	grammar-neutral string primitive	allowed:unicode/string	measurement-only; does not reopen REDRESS-50-55/60-72/80/82-84/88/89
p1c_simd_scan	instruments	1	39.18	<u32>::wrapping_add	nightly-2026-04-11-aarch64-apple-darwin/lib/rustlib/src/rust/library/core/src/num/uint_macros.rs:2511	benchmark hash/checksum work	harness/masking-cost	blocked as parser primitive	measurement-only; does not reopen REDRESS-50-55/60-72/80/82-84/88/89
p1a_parse_only_track1	numbers	1	99.66	<alloc::vec::Vec<runtime::generated_json::generated::ParseOnlyFrame>>::push_mut	nightly-2026-04-11-aarch64-apple-darwin/lib/rustlib/src/rust/library/alloc/src/vec/mod.rs:1041	allocation/tape materialization	generic allocation/tape	allowed:tape/allocation pressure	measurement-only; does not reopen REDRESS-50-55/60-72/80/82-84/88/89
p1b_direct_strict_track1	numbers	1	73.56	alloc::alloc::alloc	nightly-2026-04-11-aarch64-apple-darwin/lib/rustlib/src/rust/library/alloc/src/alloc.rs:101	allocation/tape materialization	generic allocation/tape	allowed:tape/allocation pressure	measurement-only; does not reopen REDRESS-50-55/60-72/80/82-84/88/89
p1b_direct_strict_track2	numbers	1	58.20	<serde_json::de::Deserializer<serde_json::read::SliceRead>>::parse_decimal	index.crates.io-1949cf8c6b5b557f/serde_json-1.0.149/src/de.rs:530	comparator parser work	comparator-side hot leaf	diagnostic only	measurement-only; does not reopen REDRESS-50-55/60-72/80/82-84/88/89
p1b_real_typed_track1	numbers	1	72.89	<core::option::Option<&u8>>::copied	nightly-2026-04-11-aarch64-apple-darwin/lib/rustlib/src/rust/library/core/src/option.rs:2141	typed-product option materialization	harness/product-materialization	blocked as parser primitive	measurement-only; does not reopen REDRESS-50-55/60-72/80/82-84/88/89
p1b_real_typed_track2	numbers	1	55.61	<serde_json::read::SliceRead as serde_json::read::Read>::discard	index.crates.io-1949cf8c6b5b557f/serde_json-1.0.149/src/read.rs:570	comparator parser work	comparator-side hot leaf	diagnostic only	measurement-only; does not reopen REDRESS-50-55/60-72/80/82-84/88/89
p1c_json_probes	numbers	1	8.32	core::str::validations::run_utf8_validation	/rustc/02c7f9bec0fd583160f8bcccb830216023b07bee/library/core/src/str/validations.rs:133	unicode/string validation	grammar-neutral string primitive	allowed:unicode/string	measurement-only; does not reopen REDRESS-50-55/60-72/80/82-84/88/89
p1c_simd_scan	numbers	1	39.15	<u32>::wrapping_add	nightly-2026-04-11-aarch64-apple-darwin/lib/rustlib/src/rust/library/core/src/num/uint_macros.rs:2511	benchmark hash/checksum work	harness/masking-cost	blocked as parser primitive	measurement-only; does not reopen REDRESS-50-55/60-72/80/82-84/88/89
p1a_parse_only_track1	unicode_mixed	2	0.03	<usize>::wrapping_sub	/rustc/02c7f9bec0fd583160f8bcccb830216023b07bee/library/core/src/num/uint_macros.rs:2548	harness/checksum-loop	unknown/harness/sidecar-symbolization	blocked as parser primitive	measurement-only; does not reopen REDRESS-50-55/60-72/80/82-84/88/89
p1b_direct_strict_track1	unicode_mixed	1	95.24	bbnf_bench::generated_real_typed::parse_type_unicode_mixed_document	skinny/crates/bbnf-bench/src/generated_real_typed.rs:1362	schema-shaped generated product builder	schema-wrapper	blocked as primitive; use builder pattern only	measurement-only; does not reopen REDRESS-50-55/60-72/80/82-84/88/89
p1b_direct_strict_track2	unicode_mixed	1	31.23	<bbnf_bench::real_typed_struct::DecodedJsonString as serde_core::de::Deserialize>::deserialize::<&mut serde_json::de::Deserializer<serde_json::read::SliceRead>>	skinny/crates/bbnf-bench/src/real_typed_struct.rs:812	comparator parser work	comparator-side hot leaf	diagnostic only	measurement-only; does not reopen REDRESS-50-55/60-72/80/82-84/88/89
p1b_real_typed_track1	unicode_mixed	1	94.74	alloc::alloc::alloc	nightly-2026-04-11-aarch64-apple-darwin/lib/rustlib/src/rust/library/alloc/src/alloc.rs:101	allocation/tape materialization	generic allocation/tape	allowed:tape/allocation pressure	measurement-only; does not reopen REDRESS-50-55/60-72/80/82-84/88/89
p1b_real_typed_track2	unicode_mixed	1	31.54	<bbnf_bench::real_typed_struct::DecodedJsonString as serde_core::de::Deserialize>::deserialize::<&mut serde_json::de::Deserializer<serde_json::read::SliceRead>>	skinny/crates/bbnf-bench/src/real_typed_struct.rs:812	comparator parser work	comparator-side hot leaf	diagnostic only	measurement-only; does not reopen REDRESS-50-55/60-72/80/82-84/88/89
p1c_json_probes	unicode_mixed	1	8.36	core::str::validations::run_utf8_validation	/rustc/02c7f9bec0fd583160f8bcccb830216023b07bee/library/core/src/str/validations.rs:133	unicode/string validation	grammar-neutral string primitive	allowed:unicode/string	measurement-only; does not reopen REDRESS-50-55/60-72/80/82-84/88/89
p1c_simd_scan	unicode_mixed	4	6.35	runtime::generated_json::scan::neon::scan	skinny/crates/runtime/src/grammars/json/scan.rs:217	grammar-neutral structural scanner wrapper	generated-json-wrapper-over-generic-scan	allowed only after generic scanner boundary is cited	measurement-only; does not reopen REDRESS-50-55/60-72/80/82-84/88/89
p1a_parse_only_track1	unicode_escapes	6	0.02	<alloc::raw_vec::RawVec<runtime::generated_json::generated::ParseOnlyFrame>>::grow_one	nightly-2026-04-11-aarch64-apple-darwin/lib/rustlib/src/rust/library/alloc/src/raw_vec/mod.rs:186	allocation/tape materialization	generic allocation/tape	allowed:tape/allocation pressure	measurement-only; does not reopen REDRESS-50-55/60-72/80/82-84/88/89
p1b_direct_strict_track1	unicode_escapes	1	99.56	parse_that_regex::skip_ascii_whitespace	skinny/crates/parse-that-regex/src/lib.rs:121	generic string/whitespace scanner	grammar-neutral scanner primitive	allowed:scan/string	measurement-only; does not reopen REDRESS-50-55/60-72/80/82-84/88/89
p1b_direct_strict_track2	unicode_escapes	1	61.93	<serde_json::de::MapAccess<serde_json::read::SliceRead> as serde_core::de::MapAccess>::next_value_seed::<core::marker::PhantomData<core::option::Option<bbnf_bench::real_typed_struct::UnicodeEscapesMeta>>>	index.crates.io-1949cf8c6b5b557f/serde_json-1.0.149/src/de.rs:2033	unicode/string validation	grammar-neutral string primitive	allowed:unicode/string	measurement-only; does not reopen REDRESS-50-55/60-72/80/82-84/88/89
p1b_real_typed_track1	unicode_escapes	1	99.55	parse_that_regex::skip_ascii_whitespace	skinny/crates/parse-that-regex/src/lib.rs:121	generic string/whitespace scanner	grammar-neutral scanner primitive	allowed:scan/string	measurement-only; does not reopen REDRESS-50-55/60-72/80/82-84/88/89
p1b_real_typed_track2	unicode_escapes	1	61.62	<serde_json::de::MapAccess<serde_json::read::SliceRead> as serde_core::de::MapAccess>::next_value_seed::<core::marker::PhantomData<alloc::vec::Vec<bbnf_bench::real_typed_struct::UnicodeEscapesSerdeRecord>>>	index.crates.io-1949cf8c6b5b557f/serde_json-1.0.149/src/de.rs:2033	allocation/tape materialization	generic allocation/tape	allowed:tape/allocation pressure	measurement-only; does not reopen REDRESS-50-55/60-72/80/82-84/88/89
p1c_json_probes	unicode_escapes	1	8.90	<alloc::vec::Vec<u32>>::as_slice	nightly-2026-04-11-aarch64-apple-darwin/lib/rustlib/src/rust/library/alloc/src/vec/mod.rs:1840	allocation/tape materialization	generic allocation/tape	allowed:tape/allocation pressure	measurement-only; does not reopen REDRESS-50-55/60-72/80/82-84/88/89
p1c_simd_scan	unicode_escapes	4	6.77	rot16_128	index.crates.io-1949cf8c6b5b557f/blake3-1.8.5/c/blake3_neon.c:41	benchmark hash/checksum work	harness/masking-cost	blocked as parser primitive	measurement-only; does not reopen REDRESS-50-55/60-72/80/82-84/88/89
p1a_parse_only_track1	unicode_basic	1	99.78	<alloc::vec::Vec<runtime::generated_json::generated::ParseOnlyFrame>>::as_slice	nightly-2026-04-11-aarch64-apple-darwin/lib/rustlib/src/rust/library/alloc/src/vec/mod.rs:1840	allocation/tape materialization	generic allocation/tape	allowed:tape/allocation pressure	measurement-only; does not reopen REDRESS-50-55/60-72/80/82-84/88/89
p1b_direct_strict_track1	unicode_basic	2	24.84	parse_that_regex::skip_ascii_whitespace	skinny/crates/parse-that-regex/src/lib.rs:121	generic string/whitespace scanner	grammar-neutral scanner primitive	allowed:scan/string	measurement-only; does not reopen REDRESS-50-55/60-72/80/82-84/88/89
p1b_direct_strict_track2	unicode_basic	1	24.96	core::str::validations::run_utf8_validation	/rustc/02c7f9bec0fd583160f8bcccb830216023b07bee/library/core/src/str/validations.rs:133	unicode/string validation	grammar-neutral string primitive	allowed:unicode/string	measurement-only; does not reopen REDRESS-50-55/60-72/80/82-84/88/89
p1b_real_typed_track1	unicode_basic	2	25.91	alloc::alloc::alloc	nightly-2026-04-11-aarch64-apple-darwin/lib/rustlib/src/rust/library/alloc/src/alloc.rs:101	allocation/tape materialization	generic allocation/tape	allowed:tape/allocation pressure	measurement-only; does not reopen REDRESS-50-55/60-72/80/82-84/88/89
p1b_real_typed_track2	unicode_basic	1	26.19	core::str::validations::run_utf8_validation	/rustc/02c7f9bec0fd583160f8bcccb830216023b07bee/library/core/src/str/validations.rs:133	unicode/string validation	grammar-neutral string primitive	allowed:unicode/string	measurement-only; does not reopen REDRESS-50-55/60-72/80/82-84/88/89
p1c_json_probes	unicode_basic	1	9.42	core::str::validations::run_utf8_validation	/rustc/02c7f9bec0fd583160f8bcccb830216023b07bee/library/core/src/str/validations.rs:133	unicode/string validation	grammar-neutral string primitive	allowed:unicode/string	measurement-only; does not reopen REDRESS-50-55/60-72/80/82-84/88/89
p1c_simd_scan	unicode_basic	1	41.10	<u32>::wrapping_add	nightly-2026-04-11-aarch64-apple-darwin/lib/rustlib/src/rust/library/core/src/num/uint_macros.rs:2511	benchmark hash/checksum work	harness/masking-cost	blocked as parser primitive	measurement-only; does not reopen REDRESS-50-55/60-72/80/82-84/88/89
p1a_parse_only_track1	distinct_values	1	99.95	<alloc::vec::Vec<runtime::generated_json::generated::ParseOnlyFrame>>::as_slice	nightly-2026-04-11-aarch64-apple-darwin/lib/rustlib/src/rust/library/alloc/src/vec/mod.rs:1840	allocation/tape materialization	generic allocation/tape	allowed:tape/allocation pressure	measurement-only; does not reopen REDRESS-50-55/60-72/80/82-84/88/89
p1b_direct_strict_track1	distinct_values	1	44.46	alloc::alloc::alloc	nightly-2026-04-11-aarch64-apple-darwin/lib/rustlib/src/rust/library/alloc/src/alloc.rs:101	allocation/tape materialization	generic allocation/tape	allowed:tape/allocation pressure	measurement-only; does not reopen REDRESS-50-55/60-72/80/82-84/88/89
p1b_direct_strict_track2	distinct_values	1	13.60	core::str::validations::run_utf8_validation	/rustc/02c7f9bec0fd583160f8bcccb830216023b07bee/library/core/src/str/validations.rs:133	unicode/string validation	grammar-neutral string primitive	allowed:unicode/string	measurement-only; does not reopen REDRESS-50-55/60-72/80/82-84/88/89
p1b_real_typed_track1	distinct_values	1	44.59	alloc::alloc::alloc	nightly-2026-04-11-aarch64-apple-darwin/lib/rustlib/src/rust/library/alloc/src/alloc.rs:101	allocation/tape materialization	generic allocation/tape	allowed:tape/allocation pressure	measurement-only; does not reopen REDRESS-50-55/60-72/80/82-84/88/89
p1b_real_typed_track2	distinct_values	1	13.68	core::str::validations::run_utf8_validation	/rustc/02c7f9bec0fd583160f8bcccb830216023b07bee/library/core/src/str/validations.rs:133	unicode/string validation	grammar-neutral string primitive	allowed:unicode/string	measurement-only; does not reopen REDRESS-50-55/60-72/80/82-84/88/89
p1c_json_probes	distinct_values	1	8.70	core::str::validations::run_utf8_validation	/rustc/02c7f9bec0fd583160f8bcccb830216023b07bee/library/core/src/str/validations.rs:133	unicode/string validation	grammar-neutral string primitive	allowed:unicode/string	measurement-only; does not reopen REDRESS-50-55/60-72/80/82-84/88/89
p1c_simd_scan	distinct_values	1	43.51	<u32>::wrapping_add	nightly-2026-04-11-aarch64-apple-darwin/lib/rustlib/src/rust/library/core/src/num/uint_macros.rs:2511	benchmark hash/checksum work	harness/masking-cost	blocked as parser primitive	measurement-only; does not reopen REDRESS-50-55/60-72/80/82-84/88/89
p1a_parse_only_track1	y_string_unicode	1	99.81	<alloc::vec::Vec<runtime::generated_json::generated::ParseOnlyFrame>>::as_slice	nightly-2026-04-11-aarch64-apple-darwin/lib/rustlib/src/rust/library/alloc/src/vec/mod.rs:1840	allocation/tape materialization	generic allocation/tape	allowed:tape/allocation pressure	measurement-only; does not reopen REDRESS-50-55/60-72/80/82-84/88/89
p1b_direct_strict_track1	y_string_unicode	1	88.86	alloc::alloc::alloc	nightly-2026-04-11-aarch64-apple-darwin/lib/rustlib/src/rust/library/alloc/src/alloc.rs:101	allocation/tape materialization	generic allocation/tape	allowed:tape/allocation pressure	measurement-only; does not reopen REDRESS-50-55/60-72/80/82-84/88/89
p1b_direct_strict_track2	y_string_unicode	1	26.17	serde_json::read::parse_unicode_escape::<serde_json::read::SliceRead>	index.crates.io-1949cf8c6b5b557f/serde_json-1.0.149/src/read.rs:900	unicode/string validation	grammar-neutral string primitive	allowed:unicode/string	measurement-only; does not reopen REDRESS-50-55/60-72/80/82-84/88/89
p1b_real_typed_track1	y_string_unicode	1	89.66	bbnf_bench::real_typed_struct::track1_typed	skinny/crates/bbnf-bench/src/real_typed_struct.rs:1521	typed-product checksum/materialization	harness/product-materialization	blocked as parser primitive	measurement-only; does not reopen REDRESS-50-55/60-72/80/82-84/88/89
p1b_real_typed_track2	y_string_unicode	1	26.37	serde_json::read::parse_unicode_escape::<serde_json::read::SliceRead>	index.crates.io-1949cf8c6b5b557f/serde_json-1.0.149/src/read.rs:900	unicode/string validation	grammar-neutral string primitive	allowed:unicode/string	measurement-only; does not reopen REDRESS-50-55/60-72/80/82-84/88/89
p1c_json_probes	y_string_unicode	1	9.21	core::str::validations::run_utf8_validation	/rustc/02c7f9bec0fd583160f8bcccb830216023b07bee/library/core/src/str/validations.rs:133	unicode/string validation	grammar-neutral string primitive	allowed:unicode/string	measurement-only; does not reopen REDRESS-50-55/60-72/80/82-84/88/89
p1c_simd_scan	y_string_unicode	1	38.66	sha2::sha256::soft::sha256_digest_round_x2	index.crates.io-1949cf8c6b5b557f/sha2-0.10.9/src/sha256/soft.rs:82	benchmark hash/checksum work	harness/masking-cost	blocked as parser primitive	measurement-only; does not reopen REDRESS-50-55/60-72/80/82-84/88/89
