corpus	plane	track1_cpb	track2_cpb	sonic_cpb	serde_cpb	track1_mbps	track2_mbps	sonic_mbps	serde_mbps	track1_vs_best_comparator
apache_builds	parse_only	1.730170	2.802312	2.633370	8.434286	12554.853	11369.161	12459.083	3559.394	0.657
apache_builds	direct_strict	3.691466	6.783561	6.123698	7.805424	4872.487	2291.893	2549.121	1237.759	0.603
apache_builds	real_typed	3.820623	6.468575	6.671644	7.793214	5539.654	3103.975	1438.071	1259.078	0.573
canada	parse_only	1.776823	4.335606	2.711211	7.046907	13532.685	2358.736	4926.313	2913.854	0.655
canada	direct_strict	7.417804	11.630212	12.424918	9.537421	2917.407	1067.475	2431.222	3203.724	0.778
canada	real_typed	7.505086	10.237192	12.483594	9.496382	2809.262	2191.353	2437.228	3138.377	0.790
citm_catalog	parse_only	1.010066	2.199999	1.700856	7.786250	23838.822	7691.827	11553.570	2470.763	0.594
citm_catalog	direct_strict	0.986332	1.880509	1.789122	2.198297	22037.219	10374.915	11010.501	6900.822	0.551
citm_catalog	real_typed	0.991139	1.914140	1.758363	2.209278	22010.962	14669.300	6196.658	4628.202	0.564
distinct_values	parse_only	2.104504	3.840237	2.792307	14.185250	10080.549	6610.334	8833.933	1065.132	0.754
distinct_values	direct_strict	5.828329	10.878300	8.646479	10.232520	1468.197	1921.470	2295.157	1890.697	0.674
distinct_values	real_typed	3.623116	10.605677	8.588049	10.061400	8885.646	2885.039	2391.771	2041.919	0.422
github_events	parse_only	1.225691	2.278113	2.050114	9.164152	14243.175	4317.169	5105.287	1085.793	0.598
github_events	direct_strict	2.677563	3.188907	3.585649	3.649788	5500.915	6121.345	2774.510	3535.165	0.747
github_events	real_typed	2.479608	3.168980	3.345568	3.397492	7904.561	6770.441	5475.213	5301.402	0.741
gsoc-2018	parse_only	0.939205	1.261339	1.063701	3.926677	7448.408	8156.678	9962.741	2688.833	0.883
gsoc-2018	direct_strict	4.827550	5.633370	5.433903	6.055067	4752.896	3459.363	2387.348	2667.323	0.888
gsoc-2018	real_typed	4.794676	6.355126	5.499237	6.040042	5577.610	2032.539	3442.461	2973.981	0.872
instruments	parse_only	1.819311	3.054968	2.250368	9.773709	4481.035	10474.711	13034.059	2291.454	0.808
instruments	direct_strict	1.810956	3.038855	2.297149	3.012645	16551.591	7161.257	9300.622	7062.411	0.788
instruments	real_typed	1.743488	3.839527	2.289245	3.054602	18644.844	2501.775	10056.587	7378.295	0.762
marine_ik	parse_only	2.743798	5.087151	4.671691	10.451396	2402.829	2300.133	2187.762	1593.152	0.587
marine_ik	direct_strict	2.873548	3.576924	3.829170	3.466395	10025.424	6072.046	5038.047	6238.962	0.829
marine_ik	real_typed	2.923223	4.164794	3.825799	3.450587	10822.175	3078.554	6714.832	8863.458	0.847
mesh	parse_only	2.823981	4.966006	4.705080	8.022622	3410.056	2734.008	4069.735	1990.153	0.600
mesh	direct_strict	5.088510	4.755710	4.655303	4.841541	2172.739	4097.338	3715.926	4395.442	1.093
mesh	real_typed	3.818447	4.772735	4.104112	4.727703	5108.527	4453.463	6603.854	6428.797	0.930
numbers	parse_only	2.044160	2.996401	3.012351	4.908687	3847.094	7341.239	7403.278	4607.233	0.679
numbers	direct_strict	2.682271	3.669960	2.950115	3.910413	11015.826	5716.169	7136.493	4553.257	0.909
numbers	real_typed	2.679921	5.248113	3.374645	4.872537	12172.369	1439.533	5724.017	4144.780	0.794
random	parse_only	3.041204	4.591443	3.125091	16.950872	2580.259	5707.741	6802.995	781.169	0.973
random	direct_strict	5.426398	8.202753	7.494987	9.600863	2783.385	2535.362	1354.425	1168.694	0.724
random	real_typed	4.256474	9.432024	7.433187	9.567901	4792.921	1861.080	1404.385	1142.994	0.573
twitter	parse_only	1.354449	2.632489	2.241023	10.834561	19467.189	4173.132	4794.180	970.592	0.604
twitter	direct_strict	1.666074	2.237578	2.566183	2.564313	13102.278	8403.825	3965.798	3863.973	0.650
twitter	real_typed	1.735237	2.201164	2.530737	2.516177	12553.593	14576.866	4158.060	4454.283	0.690
unicode_basic	parse_only	2.153651	4.318662	3.449466	14.923802	8409.267	2587.008	2961.240	1070.456	0.624
unicode_basic	direct_strict	5.958592	10.202837	7.093599	9.778277	2783.946	2087.388	3869.746	2862.536	0.840
unicode_basic	real_typed	5.330330	10.290579	7.106417	9.771245	6147.251	1983.780	3671.139	2959.637	0.750
unicode_escapes	parse_only	3.265357	2.962514	9.757724	8.862635	4289.831	6262.117	1337.571	1356.968	0.368
unicode_escapes	direct_strict	12.169478	8.112723	16.115282	8.682200	2337.701	2577.576	664.970	1254.340	1.402
unicode_escapes	real_typed	12.095246	8.288151	16.003225	8.673956	2594.865	1976.447	792.061	1472.817	1.394
unicode_mixed	parse_only	3.552194	4.277922	4.331624	13.423553	2667.973	4697.553	3989.976	736.327	0.820
unicode_mixed	direct_strict	5.415510	10.386145	7.152648	11.307190	5575.199	1994.919	1316.604	899.846	0.757
unicode_mixed	real_typed	5.419445	11.994085	7.130617	11.248963	5816.825	749.479	1466.692	1036.300	0.760
update_center	parse_only	2.116926	3.876490	2.383268	14.997478	6465.318	3078.159	4320.996	801.007	0.888
update_center	direct_strict	3.247658	4.004969	3.444827	4.637251	3410.422	5181.691	3261.915	2405.345	0.943
update_center	real_typed	2.416877	3.944594	3.489106	4.732162	8446.744	5276.227	2996.557	2170.666	0.693
y_string_unicode	parse_only	3.084942	5.041474	8.740243	8.953328	10413.856	4240.076	3555.648	3475.746	0.353
y_string_unicode	direct_strict	2.940944	4.620325	4.038521	4.497736	5357.453	4346.187	7805.880	7006.974	0.728
y_string_unicode	real_typed	2.953200	4.596811	4.029138	4.476309	11006.470	6663.033	7861.434	6910.205	0.733
