source	log	path	corpus	corpus_bytes	iters	mode	warmup_iters	elapsed_s	ns_per_byte	mbps	cycles	instructions	cycles_per_byte	cpi	user_ns	system_ns	checksum
p1a	parse_only__apache_builds__track1.log	/tmp/skv15-p1/logs/p1a/parse_only__apache_builds__track1.log	apache_builds	127275	7858	parse_only_track1	0	0.637285	0.637204	12554.853	1730389931	6820322424	1.730170	0.253711	14210332	320109	0
p1a	parse_only__canada__track1.log	/tmp/skv15-p1/logs/p1a/parse_only__canada__track1.log	canada	2251051	445	parse_only_track1	0	0.592177	0.591161	13532.685	1779874947	14425078617	1.776823	0.123388	13312711	254350	2251051
p1a	parse_only__citm_catalog__track1.log	/tmp/skv15-p1/logs/p1a/parse_only__citm_catalog__track1.log	citm_catalog	1727204	579	parse_only_track1	0	0.335604	0.335587	23838.822	1010117730	5590346904	1.010066	0.180690	7525071	152966	1727204
p1a	parse_only__distinct_values__track1.log	/tmp/skv15-p1/logs/p1a/parse_only__distinct_values__track1.log	distinct_values	153630	6510	parse_only_track1	0	0.793712	0.793608	10080.549	2104780233	8682179193	2.104504	0.242425	17729550	400993	0
p1a	parse_only__github_events__track1.log	/tmp/skv15-p1/logs/p1a/parse_only__github_events__track1.log	github_events	65132	15354	parse_only_track1	0	0.561693	0.561673	14243.175	1225735756	5595715278	1.225691	0.219049	12150587	388920	0
p1a	parse_only__gsoc-2018__track1.log	/tmp/skv15-p1/logs/p1a/parse_only__gsoc-2018__track1.log	gsoc-2018	3327831	301	parse_only_track1	0	1.075856	1.074055	7448.408	940779926	3123043679	0.939205	0.301238	16040939	588516	3327831
p1a	parse_only__instruments__track1.log	/tmp/skv15-p1/logs/p1a/parse_only__instruments__track1.log	instruments	220346	4539	parse_only_track1	0	1.785570	1.785302	4481.035	1819584876	8703879131	1.819311	0.209054	30592206	1816626	220346
p1a	parse_only__marine_ik__track1.log	/tmp/skv15-p1/logs/p1a/parse_only__marine_ik__track1.log	marine_ik	2983466	336	parse_only_track1	0	3.337548	3.329409	2402.829	2750505823	15092461300	2.743798	0.182244	46649323	1927378	0
p1a	parse_only__mesh__track1.log	/tmp/skv15-p1/logs/p1a/parse_only__mesh__track1.log	mesh	723597	1382	parse_only_track1	0	2.346028	2.346002	3410.056	2824012516	16952542546	2.823981	0.166583	47097587	2180439	0
p1a	parse_only__numbers__track1.log	/tmp/skv15-p1/logs/p1a/parse_only__numbers__track1.log	numbers	150124	6662	parse_only_track1	0	2.079754	2.079491	3847.094	2044418196	11085387322	2.044160	0.184425	34333750	2119426	0
p1a	parse_only__random__track1.log	/tmp/skv15-p1/logs/p1a/parse_only__random__track1.log	random	510476	1959	parse_only_track1	0	3.100534	3.100464	2580.259	3041272130	11224349947	3.041204	0.270953	50552542	2379887	510476
p1a	parse_only__twitter__track1.log	/tmp/skv15-p1/logs/p1a/parse_only__twitter__track1.log	twitter	631515	1584	parse_only_track1	0	0.411079	0.410948	19467.189	1354881981	6256511289	1.354449	0.216556	9265150	174340	0
p1a	parse_only__unicode_basic__track1.log	/tmp/skv15-p1/logs/p1a/parse_only__unicode_basic__track1.log	unicode_basic	1048586	954	parse_only_track1	0	0.951665	0.951331	8409.267	2154407097	8502911467	2.153651	0.253373	20529592	597342	0
p1a	parse_only__unicode_escapes__track1.log	/tmp/skv15-p1/logs/p1a/parse_only__unicode_escapes__track1.log	unicode_escapes	1050797	952	parse_only_track1	0	1.865544	1.864875	4289.831	3266528155	11847866571	3.265357	0.275706	37280623	1609514	0
p1a	parse_only__unicode_mixed__track1.log	/tmp/skv15-p1/logs/p1a/parse_only__unicode_mixed__track1.log	unicode_mixed	1053086	950	parse_only_track1	0	2.999826	2.998531	2667.973	3553727081	7158790858	3.552194	0.496414	60930987	2581192	0
p1a	parse_only__update_center__track1.log	/tmp/skv15-p1/logs/p1a/parse_only__update_center__track1.log	update_center	533178	1876	parse_only_track1	0	1.237671	1.237371	6465.318	2117437857	6897621754	2.116926	0.306981	25586344	934254	0
p1a	parse_only__y_string_unicode__track1.log	/tmp/skv15-p1/logs/p1a/parse_only__y_string_unicode__track1.log	y_string_unicode	35601	28090	parse_only_track1	0	0.768232	0.768207	10413.856	3085040764	16157943485	3.084942	0.190930	17567061	266755	0
p1b	direct_strict_track1__apache_builds.log	/tmp/skv15-p1/logs/p1b/direct_strict_track1__apache_builds.log	apache_builds	127275	4715	direct_strict_track1	0	0.985290	1.641872	4872.487	2215254907	9675794969	3.691466	0.228948	21518713	629049	1631609170278642033
p1b	direct_strict_track1__canada.log	/tmp/skv15-p1/logs/p1b/direct_strict_track1__canada.log	canada	2251051	267	direct_strict_track1	0	1.648123	2.742161	2917.407	4458327433	25516811993	7.417804	0.174721	36646053	810888	1008468329916695715
p1b	direct_strict_track1__citm_catalog.log	/tmp/skv15-p1/logs/p1b/direct_strict_track1__citm_catalog.log	citm_catalog	1727204	348	direct_strict_track1	0	0.218201	0.363022	22037.219	592851726	4113582656	0.986332	0.144121	4868626	103157	0
p1b	direct_strict_track1__distinct_values.log	/tmp/skv15-p1/logs/p1b/direct_strict_track1__distinct_values.log	distinct_values	153630	3906	direct_strict_track1	0	3.269746	5.448861	1468.197	3497456512	13330933263	5.828329	0.262356	58261354	4109147	0
p1b	direct_strict_track1__github_events.log	/tmp/skv15-p1/logs/p1b/direct_strict_track1__github_events.log	github_events	65132	9213	direct_strict_track1	0	0.872671	1.454304	5500.915	1606701684	7353440415	2.677563	0.218497	17342400	855499	5164854789897046116
p1b	direct_strict_track1__gsoc-2018.log	/tmp/skv15-p1/logs/p1b/direct_strict_track1__gsoc-2018.log	gsoc-2018	3327831	181	direct_strict_track1	0	1.013845	1.683184	4752.896	2907813683	12272159682	4.827550	0.236944	22621878	499221	17588957560949363005
p1b	direct_strict_track1__instruments.log	/tmp/skv15-p1/logs/p1b/direct_strict_track1__instruments.log	instruments	220346	2723	direct_strict_track1	0	0.290003	0.483337	16551.591	1086577679	7556648439	1.810956	0.143791	6550833	121770	6053947005340795886
p1b	direct_strict_track1__marine_ik.log	/tmp/skv15-p1/logs/p1b/direct_strict_track1__marine_ik.log	marine_ik	2983466	202	direct_strict_track1	0	0.480905	0.797971	10025.424	1731772801	11946922612	2.873548	0.144956	10858337	201671	0
p1b	direct_strict_track1__mesh.log	/tmp/skv15-p1/logs/p1b/direct_strict_track1__mesh.log	mesh	723597	830	direct_strict_track1	0	2.211349	3.681988	2172.739	3056085249	16286143885	5.088510	0.187649	39981306	1931277	0
p1b	direct_strict_track1__numbers.log	/tmp/skv15-p1/logs/p1b/direct_strict_track1__numbers.log	numbers	150124	3997	direct_strict_track1	0	0.435770	0.726228	11015.826	1609484945	11231754971	2.682271	0.143298	9836346	179706	7821342331123428551
p1b	direct_strict_track1__random.log	/tmp/skv15-p1/logs/p1b/direct_strict_track1__random.log	random	510476	1176	direct_strict_track1	0	1.725438	2.874198	2783.385	3257573908	13777899637	5.426398	0.236435	33525126	1180168	0
p1b	direct_strict_track1__twitter.log	/tmp/skv15-p1/logs/p1b/direct_strict_track1__twitter.log	twitter	631515	951	direct_strict_track1	0	0.366697	0.610581	13102.278	1000595397	6092287249	1.666074	0.164240	8199015	172046	17794062064648910603
p1b	direct_strict_track1__unicode_basic.log	/tmp/skv15-p1/logs/p1b/direct_strict_track1__unicode_basic.log	unicode_basic	1048586	573	direct_strict_track1	0	1.726585	2.873619	2783.946	3580158808	13014123713	5.958592	0.275098	35242133	1472797	7152685547856090394
p1b	direct_strict_track1__unicode_escapes.log	/tmp/skv15-p1/logs/p1b/direct_strict_track1__unicode_escapes.log	unicode_escapes	1050797	571	direct_strict_track1	0	2.053317	3.422166	2337.701	7301748681	14534422319	12.169478	0.502376	46317507	875680	4835405340194808800
p1b	direct_strict_track1__unicode_mixed.log	/tmp/skv15-p1/logs/p1b/direct_strict_track1__unicode_mixed.log	unicode_mixed	1053086	570	direct_strict_track1	0	0.861328	1.434926	5575.199	3250708821	12884905068	5.415510	0.252288	19501332	346568	0
p1b	direct_strict_track1__update_center.log	/tmp/skv15-p1/logs/p1b/direct_strict_track1__update_center.log	update_center	533178	1126	direct_strict_track1	0	1.408291	2.345751	3410.422	1949758766	7473732451	3.247658	0.260882	25248225	1245374	0
p1b	direct_strict_track1__y_string_unicode.log	/tmp/skv15-p1/logs/p1b/direct_strict_track1__y_string_unicode.log	y_string_unicode	35601	16854	direct_strict_track1	0	0.895977	1.493247	5357.453	1764622974	12526265686	2.940944	0.140874	19512672	563170	0
p1b	direct_strict_track2__apache_builds.log	/tmp/skv15-p1/logs/p1b/direct_strict_track2__apache_builds.log	apache_builds	127275	4715	direct_strict_track2	0	2.094693	3.490564	2291.893	4070825982	17335143339	6.783561	0.234831	43900240	1347630	1631609170278642033
p1b	direct_strict_track2__canada.log	/tmp/skv15-p1/logs/p1b/direct_strict_track2__canada.log	canada	2251051	267	direct_strict_track2	0	4.504315	7.494318	1067.475	6990113653	34204308466	11.630212	0.204364	85207699	3696678	1008468329916695715
p1b	direct_strict_track2__citm_catalog.log	/tmp/skv15-p1/logs/p1b/direct_strict_track2__citm_catalog.log	citm_catalog	1727204	348	direct_strict_track2	0	0.463477	0.771091	10374.915	1130312063	7100670957	1.880509	0.159184	10275357	244301	0
p1b	direct_strict_track2__distinct_values.log	/tmp/skv15-p1/logs/p1b/direct_strict_track2__distinct_values.log	distinct_values	153630	3906	direct_strict_track2	0	2.498416	4.163479	1921.470	6527837207	34782192423	10.878300	0.187678	55493841	1264169	0
p1b	direct_strict_track2__github_events.log	/tmp/skv15-p1/logs/p1b/direct_strict_track2__github_events.log	github_events	65132	9213	direct_strict_track2	0	0.784221	1.306902	6121.345	1913539110	8108566509	3.188907	0.235990	17406589	400510	5164854789897046116
p1b	direct_strict_track2__gsoc-2018.log	/tmp/skv15-p1/logs/p1b/direct_strict_track2__gsoc-2018.log	gsoc-2018	3327831	181	direct_strict_track2	0	1.392944	2.312565	3459.363	3393189680	8106731007	5.633370	0.418564	30787696	745219	17588957560949363005
p1b	direct_strict_track2__instruments.log	/tmp/skv15-p1/logs/p1b/direct_strict_track2__instruments.log	instruments	220346	2723	direct_strict_track2	0	0.670276	1.117122	7161.257	1823319660	11049495860	3.038855	0.165014	14968194	320400	6053947005340795886
p1b	direct_strict_track2__marine_ik.log	/tmp/skv15-p1/logs/p1b/direct_strict_track2__marine_ik.log	marine_ik	2983466	202	direct_strict_track2	0	0.794013	1.317513	6072.046	2155669248	12230406255	3.576924	0.176255	17714660	389583	0
p1b	direct_strict_track2__mesh.log	/tmp/skv15-p1/logs/p1b/direct_strict_track2__mesh.log	mesh	723597	830	direct_strict_track2	0	1.172635	1.952487	4097.338	2856210357	17978872834	4.755710	0.158865	25978707	613846	0
p1b	direct_strict_track2__numbers.log	/tmp/skv15-p1/logs/p1b/direct_strict_track2__numbers.log	numbers	150124	3997	direct_strict_track2	0	0.839787	1.399539	5716.169	2202143561	13751023819	3.669960	0.160144	18664525	424297	7821342331123428551
p1b	direct_strict_track2__random.log	/tmp/skv15-p1/logs/p1b/direct_strict_track2__random.log	random	510476	1176	direct_strict_track2	0	1.894230	3.155368	2535.362	4924274718	23974870062	8.202753	0.205393	42069898	958051	0
p1b	direct_strict_track2__twitter.log	/tmp/skv15-p1/logs/p1b/direct_strict_track2__twitter.log	twitter	631515	951	direct_strict_track2	0	0.571712	0.951947	8403.825	1343823860	5780695983	2.237578	0.232467	12619569	312825	17794062064648910603
p1b	direct_strict_track2__unicode_basic.log	/tmp/skv15-p1/logs/p1b/direct_strict_track2__unicode_basic.log	unicode_basic	1048586	573	direct_strict_track2	0	2.302744	3.832542	2087.388	6130270548	25550602418	10.202837	0.239927	51311040	1120756	7152685547856090394
p1b	direct_strict_track2__unicode_escapes.log	/tmp/skv15-p1/logs/p1b/direct_strict_track2__unicode_escapes.log	unicode_escapes	1050797	571	direct_strict_track2	0	1.862230	3.103691	2577.576	4867674994	13837024758	8.112723	0.351786	41362969	954069	4835405340194808800
p1b	direct_strict_track2__unicode_mixed.log	/tmp/skv15-p1/logs/p1b/direct_strict_track2__unicode_mixed.log	unicode_mixed	1053086	570	direct_strict_track2	0	2.407151	4.010187	1994.919	6234377057	16099161747	10.386145	0.387249	53472483	1233701	0
p1b	direct_strict_track2__update_center.log	/tmp/skv15-p1/logs/p1b/direct_strict_track2__update_center.log	update_center	533178	1126	direct_strict_track2	0	0.926892	1.543898	5181.691	2404417087	9564443428	4.004969	0.251391	20443971	485364	0
p1b	direct_strict_track2__y_string_unicode.log	/tmp/skv15-p1/logs/p1b/direct_strict_track2__y_string_unicode.log	y_string_unicode	35601	16854	direct_strict_track2	0	1.104452	1.840694	4346.187	2772283682	18713499983	4.620325	0.148144	24472695	543304	0
p1b	real_typed_track1__apache_builds.log	/tmp/skv15-p1/logs/p1b/real_typed_track1__apache_builds.log	apache_builds	127275	4715	real_typed_track1	0	0.866627	1.444134	5539.654	2292761815	9666340704	3.820623	0.237190	19281688	459418	1631609170278642033
p1b	real_typed_track1__canada.log	/tmp/skv15-p1/logs/p1b/real_typed_track1__canada.log	canada	2251051	267	real_typed_track1	0	1.711569	2.847723	2809.262	4510786695	25520564931	7.505086	0.176751	37935617	870558	1008468329916695715
p1b	real_typed_track1__citm_catalog.log	/tmp/skv15-p1/logs/p1b/real_typed_track1__citm_catalog.log	citm_catalog	1727204	348	real_typed_track1	0	0.218461	0.363455	22010.962	595741003	4113492854	0.991139	0.144826	4881813	102045	0
p1b	real_typed_track1__distinct_values.log	/tmp/skv15-p1/logs/p1b/real_typed_track1__distinct_values.log	distinct_values	153630	3906	real_typed_track1	0	0.540268	0.900328	8885.646	2174155261	13129107357	3.623116	0.165598	12300204	196471	0
p1b	real_typed_track1__github_events.log	/tmp/skv15-p1/logs/p1b/real_typed_track1__github_events.log	github_events	65132	9213	real_typed_track1	0	0.607306	1.012074	7904.561	1487916267	7315806697	2.479608	0.203384	13340526	335057	5164854789897046116
p1b	real_typed_track1__gsoc-2018.log	/tmp/skv15-p1/logs/p1b/real_typed_track1__gsoc-2018.log	gsoc-2018	3327831	181	real_typed_track1	0	0.863936	1.434306	5577.610	2888012661	12257981695	4.794676	0.235603	19607770	333051	17588957560949363005
p1b	real_typed_track1__instruments.log	/tmp/skv15-p1/logs/p1b/real_typed_track1__instruments.log	instruments	220346	2723	real_typed_track1	0	0.257445	0.429073	18644.844	1046096540	7552314805	1.743488	0.138513	5869830	91063	6053947005340795886
p1b	real_typed_track1__marine_ik.log	/tmp/skv15-p1/logs/p1b/real_typed_track1__marine_ik.log	marine_ik	2983466	202	real_typed_track1	0	0.445500	0.739223	10822.175	1761709705	11944281450	2.923223	0.147494	10161549	159980	0
p1b	real_typed_track1__mesh.log	/tmp/skv15-p1/logs/p1b/real_typed_track1__mesh.log	mesh	723597	830	real_typed_track1	0	0.940522	1.566009	5108.527	2293303699	16203081982	3.818447	0.141535	20834960	492575	0
p1b	real_typed_track1__numbers.log	/tmp/skv15-p1/logs/p1b/real_typed_track1__numbers.log	numbers	150124	3997	real_typed_track1	0	0.394366	0.657226	12172.369	1608075123	11228221645	2.679921	0.143217	9021635	136149	7821342331123428551
p1b	real_typed_track1__random.log	/tmp/skv15-p1/logs/p1b/real_typed_track1__random.log	random	510476	1176	real_typed_track1	0	1.002011	1.669128	4792.921	2555245622	13725292470	4.256474	0.186171	22293501	499868	0
p1b	real_typed_track1__twitter.log	/tmp/skv15-p1/logs/p1b/real_typed_track1__twitter.log	twitter	631515	951	real_typed_track1	0	0.382724	0.637268	12553.593	1042132798	6093244656	1.735237	0.171031	8547998	179038	17794062064648910603
p1b	real_typed_track1__unicode_basic.log	/tmp/skv15-p1/logs/p1b/real_typed_track1__unicode_basic.log	unicode_basic	1048586	573	real_typed_track1	0	0.781930	1.301395	6147.251	3202674558	12942124595	5.330330	0.247461	17855230	272211	7152685547856090394
p1b	real_typed_track1__unicode_escapes.log	/tmp/skv15-p1/logs/p1b/real_typed_track1__unicode_escapes.log	unicode_escapes	1050797	571	real_typed_track1	0	1.849823	3.083012	2594.865	7257209058	14518445342	12.095246	0.499861	42223758	662686	4835405340194808800
p1b	real_typed_track1__unicode_mixed.log	/tmp/skv15-p1/logs/p1b/real_typed_track1__unicode_mixed.log	unicode_mixed	1053086	570	real_typed_track1	0	0.825549	1.375321	5816.825	3253070798	12881968762	5.419445	0.252529	18810358	297368	0
p1b	real_typed_track1__update_center.log	/tmp/skv15-p1/logs/p1b/real_typed_track1__update_center.log	update_center	533178	1126	real_typed_track1	0	0.568606	0.947110	8446.744	1450992568	7417501684	2.416877	0.195617	12583587	294435	0
p1b	real_typed_track1__y_string_unicode.log	/tmp/skv15-p1/logs/p1b/real_typed_track1__y_string_unicode.log	y_string_unicode	35601	16854	real_typed_track1	0	0.436121	0.726845	11006.470	1771977043	12498630837	2.953200	0.141774	9969184	148138	0
p1b	real_typed_track2__apache_builds.log	/tmp/skv15-p1/logs/p1b/real_typed_track2__apache_builds.log	apache_builds	127275	4715	real_typed_track2	0	1.546666	2.577341	3103.975	3881802451	17303542238	6.468575	0.224336	34290417	819204	1631609170278642033
p1b	real_typed_track2__canada.log	/tmp/skv15-p1/logs/p1b/real_typed_track2__canada.log	canada	2251051	267	real_typed_track2	0	2.194190	3.650713	2191.353	6152865644	34065461551	10.237192	0.180619	48862898	1076584	1008468329916695715
p1b	real_typed_track2__citm_catalog.log	/tmp/skv15-p1/logs/p1b/real_typed_track2__citm_catalog.log	citm_catalog	1727204	348	real_typed_track2	0	0.327796	0.545357	14669.300	1150526314	7094733610	1.914140	0.162166	7425408	129616	0
p1b	real_typed_track2__distinct_values.log	/tmp/skv15-p1/logs/p1b/real_typed_track2__distinct_values.log	distinct_values	153630	3906	real_typed_track2	0	1.663974	2.772926	2885.039	6364241865	34701766032	10.605677	0.183398	38056672	516729	0
p1b	real_typed_track2__github_events.log	/tmp/skv15-p1/logs/p1b/real_typed_track2__github_events.log	github_events	65132	9213	real_typed_track2	0	0.709036	1.181607	6770.441	1901581591	8098410837	3.168980	0.234809	15731489	358245	5164854789897046116
p1b	real_typed_track2__gsoc-2018.log	/tmp/skv15-p1/logs/p1b/real_typed_track2__gsoc-2018.log	gsoc-2018	3327831	181	real_typed_track2	0	2.370778	3.935963	2032.539	3827930214	8130193005	6.355126	0.470829	42185172	1367407	17588957560949363005
p1b	real_typed_track2__instruments.log	/tmp/skv15-p1/logs/p1b/real_typed_track2__instruments.log	instruments	220346	2723	real_typed_track2	0	1.918645	3.197729	2501.775	2303724471	11115996627	3.839527	0.207244	36540609	1880286	6053947005340795886
p1b	real_typed_track2__marine_ik.log	/tmp/skv15-p1/logs/p1b/real_typed_track2__marine_ik.log	marine_ik	2983466	202	real_typed_track2	0	1.566086	2.598622	3078.554	2509955247	12274219562	4.164794	0.204490	30109504	1133680	0
p1b	real_typed_track2__mesh.log	/tmp/skv15-p1/logs/p1b/real_typed_track2__mesh.log	mesh	723597	830	real_typed_track2	0	1.078865	1.796355	4453.463	2866435594	17974587260	4.772735	0.159472	23932932	554060	0
p1b	real_typed_track2__numbers.log	/tmp/skv15-p1/logs/p1b/real_typed_track2__numbers.log	numbers	150124	3997	real_typed_track2	0	3.334667	5.557356	1439.533	3149107336	13889501816	5.248113	0.226726	53066888	3121981	7821342331123428551
p1b	real_typed_track2__random.log	/tmp/skv15-p1/logs/p1b/real_typed_track2__random.log	random	510476	1176	real_typed_track2	0	2.580522	4.298579	1861.080	5662230488	24035230329	9.432024	0.235580	54235904	1981440	0
p1b	real_typed_track2__twitter.log	/tmp/skv15-p1/logs/p1b/real_typed_track2__twitter.log	twitter	631515	951	real_typed_track2	0	0.329602	0.548815	14576.866	1321955006	5765958210	2.201164	0.229269	7500027	120919	17794062064648910603
p1b	real_typed_track2__unicode_basic.log	/tmp/skv15-p1/logs/p1b/real_typed_track2__unicode_basic.log	unicode_basic	1048586	573	real_typed_track2	0	2.423010	4.032706	1983.780	6182989089	25556648840	10.290579	0.241933	53977772	1203256	7152685547856090394
p1b	real_typed_track2__unicode_escapes.log	/tmp/skv15-p1/logs/p1b/real_typed_track2__unicode_escapes.log	unicode_escapes	1050797	571	real_typed_track2	0	2.428621	4.047668	1976.447	4972932600	13874192894	8.288151	0.358430	52571956	1621816	4835405340194808800
p1b	real_typed_track2__unicode_mixed.log	/tmp/skv15-p1/logs/p1b/real_typed_track2__unicode_mixed.log	unicode_mixed	1053086	570	real_typed_track2	0	6.407211	10.674077	749.479	7199557606	16300167639	11.994085	0.441686	122214513	6592583	0
p1b	real_typed_track2__update_center.log	/tmp/skv15-p1/logs/p1b/real_typed_track2__update_center.log	update_center	533178	1126	real_typed_track2	0	0.910285	1.516235	5276.227	2368170219	9563831718	3.944594	0.247617	20267384	441624	0
p1b	real_typed_track2__y_string_unicode.log	/tmp/skv15-p1/logs/p1b/real_typed_track2__y_string_unicode.log	y_string_unicode	35601	16854	real_typed_track2	0	0.720416	1.200654	6663.033	2758175053	18687965742	4.596811	0.147591	16410655	258025	0
p1d	direct_strict_serde__apache_builds.log	/tmp/skv15-p1/pmu/direct_strict_serde__apache_builds.log	apache_builds	127275	4715	direct_strict_serde	0	3.878634	6.463295	1237.759	4684047833	17306570939	7.805424	0.270651	81623661	1351364	1631609170278642033
p1d	direct_strict_serde__canada.log	/tmp/skv15-p1/pmu/direct_strict_serde__canada.log	canada	2251051	267	direct_strict_serde	0	1.500830	2.497094	3203.724	5732281818	33935029568	9.537421	0.168919	35824416	107492	1008468329916695715
p1d	direct_strict_serde__citm_catalog.log	/tmp/skv15-p1/pmu/direct_strict_serde__citm_catalog.log	citm_catalog	1727204	348	direct_strict_serde	0	0.696806	1.159282	6900.822	1321323885	7081318029	2.198297	0.186593	15919852	155756	0
p1d	direct_strict_serde__distinct_values.log	/tmp/skv15-p1/pmu/direct_strict_serde__distinct_values.log	distinct_values	153630	3906	direct_strict_serde	0	2.539079	4.231243	1890.697	6140318261	34642995921	10.232520	0.177246	60426821	264310	0
p1d	direct_strict_serde__github_events.log	/tmp/skv15-p1/pmu/direct_strict_serde__github_events.log	github_events	65132	9213	direct_strict_serde	0	1.357925	2.262978	3535.165	2190095773	8083580073	3.649788	0.270931	31745760	414450	5164854789897046116
p1d	direct_strict_serde__gsoc-2018.log	/tmp/skv15-p1/pmu/direct_strict_serde__gsoc-2018.log	gsoc-2018	3327831	181	direct_strict_serde	0	1.806568	2.999262	2667.323	3647193575	8036796680	6.055067	0.453812	42566551	345521	17588957560949363005
p1d	direct_strict_serde__instruments.log	/tmp/skv15-p1/pmu/direct_strict_serde__instruments.log	instruments	220346	2723	direct_strict_serde	0	0.679657	1.132758	7062.411	1807593436	11011761999	3.012645	0.164151	16008501	60734	6053947005340795886
p1d	direct_strict_serde__marine_ik.log	/tmp/skv15-p1/pmu/direct_strict_serde__marine_ik.log	marine_ik	2983466	202	direct_strict_serde	0	0.772770	1.282265	6238.962	2089058025	12184289518	3.466395	0.171455	18402377	73862	0
p1d	direct_strict_serde__mesh.log	/tmp/skv15-p1/pmu/direct_strict_serde__mesh.log	mesh	723597	830	direct_strict_serde	0	1.093106	1.820067	4395.442	2907759093	17912333166	4.841541	0.162333	26047898	97121	0
p1d	direct_strict_serde__numbers.log	/tmp/skv15-p1/pmu/direct_strict_serde__numbers.log	numbers	150124	3997	direct_strict_serde	0	1.054271	1.756984	4553.257	2346425966	13706194915	3.910413	0.171195	24389029	125852	7821342331123428551
p1d	direct_strict_serde__random.log	/tmp/skv15-p1/pmu/direct_strict_serde__random.log	random	510476	1176	direct_strict_serde	0	4.109338	6.845248	1168.694	5763587792	23900585652	9.600863	0.241148	96222088	938141	0
p1d	direct_strict_serde__twitter.log	/tmp/skv15-p1/pmu/direct_strict_serde__twitter.log	twitter	631515	951	direct_strict_serde	0	1.243426	2.070408	3863.973	1540051688	5778627427	2.564313	0.266508	26993574	540633	17794062064648910603
p1d	direct_strict_serde__unicode_basic.log	/tmp/skv15-p1/pmu/direct_strict_serde__unicode_basic.log	unicode_basic	1048586	573	direct_strict_serde	0	1.679182	2.794724	2862.536	5875177769	25418520032	9.778277	0.231138	39960730	147533	7152685547856090394
p1d	direct_strict_serde__unicode_escapes.log	/tmp/skv15-p1/pmu/direct_strict_serde__unicode_escapes.log	unicode_escapes	1050797	571	direct_strict_serde	0	3.826745	6.377854	1254.340	5209364319	13763997042	8.682200	0.378478	88539154	1010365	4835405340194808800
p1d	direct_strict_serde__unicode_mixed.log	/tmp/skv15-p1/pmu/direct_strict_serde__unicode_mixed.log	unicode_mixed	1053086	570	direct_strict_serde	0	5.336551	8.890413	899.846	6787243027	16014268576	11.307190	0.423825	119517661	1494413	0
p1d	direct_strict_serde__update_center.log	/tmp/skv15-p1/pmu/direct_strict_serde__update_center.log	update_center	533178	1126	direct_strict_serde	0	1.996748	3.325926	2405.345	2784012991	9517589565	4.637251	0.292512	46751084	407426	0
p1d	direct_strict_serde__y_string_unicode.log	/tmp/skv15-p1/pmu/direct_strict_serde__y_string_unicode.log	y_string_unicode	35601	16854	direct_strict_serde	0	0.685054	1.141720	7006.974	2698728049	18647724556	4.497736	0.144722	16360795	42702	0
p1d	direct_strict_sonic__apache_builds.log	/tmp/skv15-p1/pmu/direct_strict_sonic__apache_builds.log	apache_builds	127275	4715	direct_strict_sonic	0	1.883321	3.138336	2549.121	3674841396	14808853327	6.123698	0.248152	42993466	347715	1631609170278642033
p1d	direct_strict_sonic__canada.log	/tmp/skv15-p1/pmu/direct_strict_sonic__canada.log	canada	2251051	267	direct_strict_sonic	0	1.977707	3.290526	2431.222	7467756243	44804335119	12.424918	0.166675	47159046	155414	1008468329916695715
p1d	direct_strict_sonic__citm_catalog.log	/tmp/skv15-p1/pmu/direct_strict_sonic__citm_catalog.log	citm_catalog	1727204	348	direct_strict_sonic	0	0.436723	0.726579	11010.501	1075382011	4100911048	1.789122	0.262230	9980409	119969	0
p1d	direct_strict_sonic__distinct_values.log	/tmp/skv15-p1/pmu/direct_strict_sonic__distinct_values.log	distinct_values	153630	3906	direct_strict_sonic	0	2.091635	3.485600	2295.157	5188568281	31284298999	8.646479	0.165852	49683942	258630	0
p1d	direct_strict_sonic__github_events.log	/tmp/skv15-p1/pmu/direct_strict_sonic__github_events.log	github_events	65132	9213	direct_strict_sonic	0	1.730211	2.883392	2774.510	2151608761	6985280567	3.585649	0.308020	37925677	468469	5164854789897046116
p1d	direct_strict_sonic__gsoc-2018.log	/tmp/skv15-p1/pmu/direct_strict_sonic__gsoc-2018.log	gsoc-2018	3327831	181	direct_strict_sonic	0	2.018432	3.350999	2387.348	3273043322	7081142573	5.433903	0.462220	47601416	413209	17588957560949363005
p1d	direct_strict_sonic__instruments.log	/tmp/skv15-p1/pmu/direct_strict_sonic__instruments.log	instruments	220346	2723	direct_strict_sonic	0	0.516096	0.860158	9300.622	1378294509	7984749699	2.297149	0.172616	12286070	50434	6053947005340795886
p1d	direct_strict_sonic__marine_ik.log	/tmp/skv15-p1/pmu/direct_strict_sonic__marine_ik.log	marine_ik	2983466	202	direct_strict_sonic	0	0.956974	1.587917	5038.047	2307688260	11441133485	3.829170	0.201701	22687883	111094	0
p1d	direct_strict_sonic__mesh.log	/tmp/skv15-p1/pmu/direct_strict_sonic__mesh.log	mesh	723597	830	direct_strict_sonic	0	1.292998	2.152895	3715.926	2795907442	15947721580	4.655303	0.175317	29770152	421556	0
p1d	direct_strict_sonic__numbers.log	/tmp/skv15-p1/pmu/direct_strict_sonic__numbers.log	numbers	150124	3997	direct_strict_sonic	0	0.672650	1.120999	7136.493	1770203575	9153581426	2.950115	0.193389	15758021	70902	7821342331123428551
p1d	direct_strict_sonic__random.log	/tmp/skv15-p1/pmu/direct_strict_sonic__random.log	random	510476	1176	direct_strict_sonic	0	3.545829	5.906567	1354.425	4499388853	19646134661	7.494987	0.229022	78777652	1373081	0
p1d	direct_strict_sonic__twitter.log	/tmp/skv15-p1/pmu/direct_strict_sonic__twitter.log	twitter	631515	951	direct_strict_sonic	0	1.211500	2.017248	3965.798	1541174633	4811269328	2.566183	0.320326	27128670	422012	17794062064648910603
p1d	direct_strict_sonic__unicode_basic.log	/tmp/skv15-p1/pmu/direct_strict_sonic__unicode_basic.log	unicode_basic	1048586	573	direct_strict_sonic	0	1.242128	2.067319	3869.746	4262116304	20747552995	7.093599	0.205427	29580031	112800	7152685547856090394
p1d	direct_strict_sonic__unicode_escapes.log	/tmp/skv15-p1/pmu/direct_strict_sonic__unicode_escapes.log	unicode_escapes	1050797	571	direct_strict_sonic	0	7.218436	12.030624	664.970	9669251235	19372296544	16.115282	0.499128	166182127	2144642	4835405340194808800
p1d	direct_strict_sonic__unicode_mixed.log	/tmp/skv15-p1/pmu/direct_strict_sonic__unicode_mixed.log	unicode_mixed	1053086	570	direct_strict_sonic	0	3.647317	6.076238	1316.604	4293441444	11355187051	7.152648	0.378104	75006554	1220620	0
p1d	direct_strict_sonic__update_center.log	/tmp/skv15-p1/pmu/direct_strict_sonic__update_center.log	update_center	533178	1126	direct_strict_sonic	0	1.472407	2.452547	3261.915	2068130710	7079812713	3.444827	0.292117	33775881	277360	0
p1d	direct_strict_sonic__y_string_unicode.log	/tmp/skv15-p1/pmu/direct_strict_sonic__y_string_unicode.log	y_string_unicode	35601	16854	direct_strict_sonic	0	0.614941	1.024868	7805.880	2423190312	16070239057	4.038521	0.150787	14685003	37044	0
p1d	parse_only_serde__apache_builds.log	/tmp/skv15-p1/pmu/parse_only_serde__apache_builds.log	apache_builds	127275	7858	parse_only_serde	0	2.247859	2.247573	3559.394	8435356642	46574384507	8.434286	0.181116	53631578	156627	0
p1d	parse_only_serde__canada.log	/tmp/skv15-p1/pmu/parse_only_serde__canada.log	canada	2251051	445	parse_only_serde	0	2.750221	2.745505	2913.854	7059011460	41141772584	7.046907	0.171578	64959276	543596	2251090
p1d	parse_only_serde__citm_catalog.log	/tmp/skv15-p1/pmu/parse_only_serde__citm_catalog.log	citm_catalog	1727204	579	parse_only_serde	0	3.238031	3.237866	2470.763	7786647931	35284685042	7.786250	0.220681	73802686	1370174	1727124
p1d	parse_only_serde__distinct_values.log	/tmp/skv15-p1/pmu/parse_only_serde__distinct_values.log	distinct_values	153630	6510	parse_only_serde	0	7.511790	7.510804	1065.132	14187112484	70352248300	14.185250	0.201658	177412455	1168442	0
p1d	parse_only_serde__github_events.log	/tmp/skv15-p1/pmu/parse_only_serde__github_events.log	github_events	65132	15354	parse_only_serde	0	7.368158	7.367887	1085.793	9164488865	37012955446	9.164152	0.247602	161952129	1635896	0
p1d	parse_only_serde__gsoc-2018.log	/tmp/skv15-p1/pmu/parse_only_serde__gsoc-2018.log	gsoc-2018	3327831	301	parse_only_serde	0	2.980258	2.975268	2688.833	3933262836	14734744973	3.926677	0.266938	69343457	700009	3326940
p1d	parse_only_serde__instruments.log	/tmp/skv15-p1/pmu/parse_only_serde__instruments.log	instruments	220346	4539	parse_only_serde	0	3.491758	3.491233	2291.454	9775180020	51892223083	9.773709	0.188375	81890704	301243	220360
p1d	parse_only_serde__marine_ik.log	/tmp/skv15-p1/pmu/parse_only_serde__marine_ik.log	marine_ik	2983466	336	parse_only_serde	0	5.033767	5.021492	1593.152	10476944789	54815578675	10.451396	0.191131	113600999	6192230	0
p1d	parse_only_serde__mesh.log	/tmp/skv15-p1/pmu/parse_only_serde__mesh.log	mesh	723597	1382	parse_only_serde	0	4.019835	4.019791	1990.153	8022711129	38098716167	8.022622	0.210577	77264896	14733867	0
p1d	parse_only_serde__numbers.log	/tmp/skv15-p1/pmu/parse_only_serde__numbers.log	numbers	150124	6662	parse_only_serde	0	1.736619	1.736400	4607.233	4909305921	27547134393	4.908687	0.178215	40779337	145986	0
p1d	parse_only_serde__random.log	/tmp/skv15-p1/pmu/parse_only_serde__random.log	random	510476	1959	parse_only_serde	0	10.241295	10.241065	781.169	16951253199	77882002926	16.950872	0.217653	234770822	3077536	510579
p1d	parse_only_serde__twitter.log	/tmp/skv15-p1/pmu/parse_only_serde__twitter.log	twitter	631515	1584	parse_only_serde	0	8.245028	8.242392	970.592	10838025411	40601950553	10.834561	0.266934	186172278	2180622	0
p1d	parse_only_serde__unicode_basic.log	/tmp/skv15-p1/pmu/parse_only_serde__unicode_basic.log	unicode_basic	1048586	954	parse_only_serde	0	7.476074	7.473450	1070.456	14929040977	71966172836	14.923802	0.207445	174899050	1273555	0
p1d	parse_only_serde__unicode_escapes.log	/tmp/skv15-p1/pmu/parse_only_serde__unicode_escapes.log	unicode_escapes	1050797	952	parse_only_serde	0	5.897611	5.895496	1356.968	8865813984	34089856581	8.862635	0.260072	137902435	1233734	0
p1d	parse_only_serde__unicode_mixed.log	/tmp/skv15-p1/pmu/parse_only_serde__unicode_mixed.log	unicode_mixed	1053086	950	parse_only_serde	0	10.869429	10.864739	736.327	13429347878	45016134526	13.423553	0.298323	231485381	3242687	0
p1d	parse_only_serde__update_center.log	/tmp/skv15-p1/pmu/parse_only_serde__update_center.log	update_center	533178	1876	parse_only_serde	0	9.989845	9.987429	801.007	15001106175	57762111409	14.997478	0.259705	235595402	1613917	0
p1d	parse_only_serde__y_string_unicode.log	/tmp/skv15-p1/pmu/parse_only_serde__y_string_unicode.log	y_string_unicode	35601	28090	parse_only_serde	0	2.301738	2.301664	3475.746	8953615657	58862594769	8.953328	0.152110	54959945	139864	0
p1d	parse_only_sonic__apache_builds.log	/tmp/skv15-p1/pmu/parse_only_sonic__apache_builds.log	apache_builds	127275	7858	parse_only_sonic	0	0.642183	0.642102	12459.083	2633704496	8836587559	2.633370	0.298045	15340150	34655	0
p1d	parse_only_sonic__canada.log	/tmp/skv15-p1/pmu/parse_only_sonic__canada.log	canada	2251051	445	parse_only_sonic	0	1.626722	1.623933	4926.313	2715868102	11810976579	2.711211	0.229944	37510857	431620	2251051
p1d	parse_only_sonic__citm_catalog.log	/tmp/skv15-p1/pmu/parse_only_sonic__citm_catalog.log	citm_catalog	1727204	579	parse_only_sonic	0	0.692462	0.692427	11553.570	1700942463	6492404317	1.700856	0.261990	16318944	136805	1727204
p1d	parse_only_sonic__distinct_values.log	/tmp/skv15-p1/pmu/parse_only_sonic__distinct_values.log	distinct_values	153630	6510	parse_only_sonic	0	0.905718	0.905599	8833.933	2792674058	9010632020	2.792307	0.309931	21489541	113916	0
p1d	parse_only_sonic__github_events.log	/tmp/skv15-p1/pmu/parse_only_sonic__github_events.log	github_events	65132	15354	parse_only_sonic	0	1.567061	1.567003	5105.287	2050188902	6479245890	2.050114	0.316424	36281615	280713	0
p1d	parse_only_sonic__gsoc-2018.log	/tmp/skv15-p1/pmu/parse_only_sonic__gsoc-2018.log	gsoc-2018	3327831	301	parse_only_sonic	0	0.804339	0.802992	9962.741	1065485458	3237836356	1.063701	0.329073	18463696	158376	3327831
p1d	parse_only_sonic__instruments.log	/tmp/skv15-p1/pmu/parse_only_sonic__instruments.log	instruments	220346	4539	parse_only_sonic	0	0.613869	0.613777	13034.059	2250706193	10626571992	2.250368	0.211800	14406448	46602	220346
p1d	parse_only_sonic__marine_ik.log	/tmp/skv15-p1/pmu/parse_only_sonic__marine_ik.log	marine_ik	2983466	336	parse_only_sonic	0	3.665643	3.656704	2187.762	4683111172	17230968677	4.671691	0.271785	82378205	1184694	0
p1d	parse_only_sonic__mesh.log	/tmp/skv15-p1/pmu/parse_only_sonic__mesh.log	mesh	723597	1382	parse_only_sonic	0	1.965752	1.965730	4069.735	4705131603	19566729341	4.705080	0.240466	45496567	614697	0
p1d	parse_only_sonic__numbers.log	/tmp/skv15-p1/pmu/parse_only_sonic__numbers.log	numbers	150124	6662	parse_only_sonic	0	1.080739	1.080602	7403.278	3012731085	12575101067	3.012351	0.239579	25318849	86888	0
p1d	parse_only_sonic__random.log	/tmp/skv15-p1/pmu/parse_only_sonic__random.log	random	510476	1959	parse_only_sonic	0	1.175979	1.175953	6802.995	3125161592	11843024904	3.125091	0.263882	27861188	142849	510476
p1d	parse_only_sonic__twitter.log	/tmp/skv15-p1/pmu/parse_only_sonic__twitter.log	twitter	631515	1584	parse_only_sonic	0	1.669223	1.668690	4794.180	2241739820	7415211716	2.241023	0.302316	39104820	381650	0
p1d	parse_only_sonic__unicode_basic.log	/tmp/skv15-p1/pmu/parse_only_sonic__unicode_basic.log	unicode_basic	1048586	954	parse_only_sonic	0	2.702520	2.701571	2961.240	3450676636	11546858562	3.449466	0.298841	60768046	838971	0
p1d	parse_only_sonic__unicode_escapes.log	/tmp/skv15-p1/pmu/parse_only_sonic__unicode_escapes.log	unicode_escapes	1050797	952	parse_only_sonic	0	5.983138	5.980993	1337.571	9761224817	19871486013	9.757724	0.491218	140049661	1254208	0
p1d	parse_only_sonic__unicode_mixed.log	/tmp/skv15-p1/pmu/parse_only_sonic__unicode_mixed.log	unicode_mixed	1053086	950	parse_only_sonic	0	2.005890	2.005024	3989.976	4333494457	10916456360	4.331624	0.396969	43963311	432781	0
p1d	parse_only_sonic__update_center.log	/tmp/skv15-p1/pmu/parse_only_sonic__update_center.log	update_center	533178	1876	parse_only_sonic	0	1.851873	1.851425	4320.996	2383844708	6715242453	2.383268	0.354990	42077733	541363	0
p1d	parse_only_sonic__y_string_unicode.log	/tmp/skv15-p1/pmu/parse_only_sonic__y_string_unicode.log	y_string_unicode	35601	28090	parse_only_sonic	0	2.250014	2.249942	3555.648	8740523906	19830649635	8.740243	0.440758	53715436	138629	0
p1d	parse_only_track2__apache_builds.log	/tmp/skv15-p1/pmu/parse_only_track2__apache_builds.log	apache_builds	127275	7858	parse_only_track2	0	0.703747	0.703658	11369.161	2802668065	10976172173	2.802312	0.255341	16803425	44370	0
p1d	parse_only_track2__canada.log	/tmp/skv15-p1/pmu/parse_only_track2__canada.log	canada	2251051	445	parse_only_track2	0	3.397473	3.391647	2358.736	4343053685	17658434241	4.335606	0.245948	75411776	1468868	17978833549083454479
p1d	parse_only_track2__citm_catalog.log	/tmp/skv15-p1/pmu/parse_only_track2__citm_catalog.log	citm_catalog	1727204	579	parse_only_track2	0	1.040118	1.040065	7691.827	2200111013	8163573809	2.199999	0.269503	24059880	244236	4987156890352906620
p1d	parse_only_track2__distinct_values.log	/tmp/skv15-p1/pmu/parse_only_track2__distinct_values.log	distinct_values	153630	6510	parse_only_track2	0	1.210385	1.210226	6610.334	3840741258	17124871244	3.840237	0.224279	28794452	123056	0
p1d	parse_only_track2__github_events.log	/tmp/skv15-p1/pmu/parse_only_track2__github_events.log	github_events	65132	15354	parse_only_track2	0	1.853134	1.853066	4317.169	2278196811	9092023792	2.278113	0.250571	40216817	480005	0
p1d	parse_only_track2__gsoc-2018.log	/tmp/skv15-p1/pmu/parse_only_track2__gsoc-2018.log	gsoc-2018	3327831	301	parse_only_track2	0	0.982436	0.980792	8156.678	1263454561	4286155122	1.261339	0.294776	21349952	318196	15067020422829535577
p1d	parse_only_track2__instruments.log	/tmp/skv15-p1/pmu/parse_only_track2__instruments.log	instruments	220346	4539	parse_only_track2	0	0.763859	0.763744	10474.711	3055427265	12852224105	3.054968	0.237735	18235468	52442	12436249606784899399
p1d	parse_only_track2__marine_ik.log	/tmp/skv15-p1/pmu/parse_only_track2__marine_ik.log	marine_ik	2983466	336	parse_only_track2	0	3.486563	3.478060	2300.133	5099587361	19592083129	5.087151	0.260288	80675423	800716	0
p1d	parse_only_track2__mesh.log	/tmp/skv15-p1/pmu/parse_only_track2__mesh.log	mesh	723597	1382	parse_only_track2	0	2.926140	2.926107	2734.008	4966060547	21161043844	4.966006	0.234679	68719349	544833	0
p1d	parse_only_track2__numbers.log	/tmp/skv15-p1/pmu/parse_only_track2__numbers.log	numbers	150124	6662	parse_only_track2	0	1.089872	1.089734	7341.239	2996778665	13438315988	2.996401	0.223003	25507411	100089	0
p1d	parse_only_track2__random.log	/tmp/skv15-p1/pmu/parse_only_track2__random.log	random	510476	1959	parse_only_track2	0	1.401637	1.401605	5707.741	4591546644	18226438510	4.591443	0.251917	33339234	128644	1729765500072497893
p1d	parse_only_track2__twitter.log	/tmp/skv15-p1/pmu/parse_only_track2__twitter.log	twitter	631515	1584	parse_only_track2	0	1.917638	1.917025	4173.132	2633330572	10065524828	2.632489	0.261619	44382171	449634	0
p1d	parse_only_track2__unicode_basic.log	/tmp/skv15-p1/pmu/parse_only_track2__unicode_basic.log	unicode_basic	1048586	954	parse_only_track2	0	3.093461	3.092375	2587.008	4320178402	13944931359	4.318662	0.309803	71393319	778430	0
p1d	parse_only_track2__unicode_escapes.log	/tmp/skv15-p1/pmu/parse_only_track2__unicode_escapes.log	unicode_escapes	1050797	952	parse_only_track2	0	1.277981	1.277523	6262.117	2963576405	12202497983	2.962514	0.242866	29919950	224068	0
p1d	parse_only_track2__unicode_mixed.log	/tmp/skv15-p1/pmu/parse_only_track2__unicode_mixed.log	unicode_mixed	1053086	950	parse_only_track2	0	1.703749	1.703014	4697.553	4279768560	9156521062	4.277922	0.467401	38798174	442512	0
p1d	parse_only_track2__update_center.log	/tmp/skv15-p1/pmu/parse_only_track2__update_center.log	update_center	533178	1876	parse_only_track2	0	2.599585	2.598956	3078.159	3877427742	12766637994	3.876490	0.303716	60934053	520866	0
p1d	parse_only_track2__y_string_unicode.log	/tmp/skv15-p1/pmu/parse_only_track2__y_string_unicode.log	y_string_unicode	35601	28090	parse_only_track2	0	1.886819	1.886759	4240.076	5041635418	22356249827	5.041474	0.225513	44975995	155255	0
p1d	real_typed_serde__apache_builds.log	/tmp/skv15-p1/pmu/real_typed_serde__apache_builds.log	apache_builds	127275	4715	real_typed_serde	0	3.812960	6.353857	1259.078	4676720566	17267311533	7.793214	0.270842	82202273	1108301	1631609170278642033
p1d	real_typed_serde__canada.log	/tmp/skv15-p1/pmu/real_typed_serde__canada.log	canada	2251051	267	real_typed_serde	0	1.532080	2.549088	3138.377	5707616262	33935775398	9.496382	0.168189	36539213	120330	1008468329916695715
p1d	real_typed_serde__citm_catalog.log	/tmp/skv15-p1/pmu/real_typed_serde__citm_catalog.log	citm_catalog	1727204	348	real_typed_serde	0	1.038964	1.728533	4628.202	1327924222	7087585323	2.209278	0.187359	23407899	324399	0
p1d	real_typed_serde__distinct_values.log	/tmp/skv15-p1/pmu/real_typed_serde__distinct_values.log	distinct_values	153630	3906	real_typed_serde	0	2.351039	3.917883	2041.919	6037632543	34626104912	10.061400	0.174366	56007542	202160	0
p1d	real_typed_serde__github_events.log	/tmp/skv15-p1/pmu/real_typed_serde__github_events.log	github_events	65132	9213	real_typed_serde	0	0.905513	1.509035	5301.402	2038702753	8070674972	3.397492	0.252606	21371339	215771	5164854789897046116
p1d	real_typed_serde__gsoc-2018.log	/tmp/skv15-p1/pmu/real_typed_serde__gsoc-2018.log	gsoc-2018	3327831	181	real_typed_serde	0	1.620286	2.689997	2973.981	3638143432	8030569735	6.040042	0.453037	38316246	258699	17588957560949363005
p1d	real_typed_serde__instruments.log	/tmp/skv15-p1/pmu/real_typed_serde__instruments.log	instruments	220346	2723	real_typed_serde	0	0.650559	1.084261	7378.295	1832767945	11010185387	3.054602	0.166461	15295192	56267	6053947005340795886
p1d	real_typed_serde__marine_ik.log	/tmp/skv15-p1/pmu/real_typed_serde__marine_ik.log	marine_ik	2983466	202	real_typed_serde	0	0.543950	0.902582	8863.458	2079531004	12183007182	3.450587	0.170691	12969628	45238	0
p1d	real_typed_serde__mesh.log	/tmp/skv15-p1/pmu/real_typed_serde__mesh.log	mesh	723597	830	real_typed_serde	0	0.747369	1.244401	6428.797	2839390168	17907169622	4.727703	0.158562	17829911	56160	0
p1d	real_typed_serde__numbers.log	/tmp/skv15-p1/pmu/real_typed_serde__numbers.log	numbers	150124	3997	real_typed_serde	0	1.158171	1.930138	4144.780	2923744615	13708165959	4.872537	0.213285	26588268	135746	7821342331123428551
p1d	real_typed_serde__random.log	/tmp/skv15-p1/pmu/real_typed_serde__random.log	random	510476	1176	real_typed_serde	0	4.201734	6.999160	1142.994	5743800062	23895733481	9.567901	0.240369	97751079	953130	0
p1d	real_typed_serde__twitter.log	/tmp/skv15-p1/pmu/real_typed_serde__twitter.log	twitter	631515	951	real_typed_serde	0	1.078639	1.796024	4454.283	1511142533	5762170539	2.516177	0.262252	24913315	273508	17794062064648910603
p1d	real_typed_serde__unicode_basic.log	/tmp/skv15-p1/pmu/real_typed_serde__unicode_basic.log	unicode_basic	1048586	573	real_typed_serde	0	1.624090	2.703034	2959.637	5870952617	25421305477	9.771245	0.230946	38642362	150291	7152685547856090394
p1d	real_typed_serde__unicode_escapes.log	/tmp/skv15-p1/pmu/real_typed_serde__unicode_escapes.log	unicode_escapes	1050797	571	real_typed_serde	0	3.259089	5.431768	1472.817	5204417491	13751898871	8.673956	0.378451	75738042	727516	4835405340194808800
p1d	real_typed_serde__unicode_mixed.log	/tmp/skv15-p1/pmu/real_typed_serde__unicode_mixed.log	unicode_mixed	1053086	570	real_typed_serde	0	4.633864	7.719774	1036.300	6752291331	15997784426	11.248963	0.422077	106933598	1213933	0
p1d	real_typed_serde__update_center.log	/tmp/skv15-p1/pmu/real_typed_serde__update_center.log	update_center	533178	1126	real_typed_serde	0	2.212624	3.685505	2170.666	2840993518	9536409479	4.732162	0.297910	50108987	676707	0
p1d	real_typed_serde__y_string_unicode.log	/tmp/skv15-p1/pmu/real_typed_serde__y_string_unicode.log	y_string_unicode	35601	16854	real_typed_serde	0	0.694647	1.157708	6910.205	2685871637	18647471587	4.476309	0.144034	16584677	42924	0
p1d	real_typed_sonic__apache_builds.log	/tmp/skv15-p1/pmu/real_typed_sonic__apache_builds.log	apache_builds	127275	4715	real_typed_sonic	0	3.338371	5.563009	1438.071	4003664455	14860478261	6.671644	0.269417	69516651	1173847	1631609170278642033
p1d	real_typed_sonic__canada.log	/tmp/skv15-p1/pmu/real_typed_sonic__canada.log	canada	2251051	267	real_typed_sonic	0	1.972834	3.282418	2437.228	7503021991	44804368480	12.483594	0.167462	47061196	151907	1008468329916695715
p1d	real_typed_sonic__citm_catalog.log	/tmp/skv15-p1/pmu/real_typed_sonic__citm_catalog.log	citm_catalog	1727204	348	real_typed_sonic	0	0.775989	1.291018	6196.658	1056893969	4103994022	1.758363	0.257528	17466375	233683	0
p1d	real_typed_sonic__distinct_values.log	/tmp/skv15-p1/pmu/real_typed_sonic__distinct_values.log	distinct_values	153630	3906	real_typed_sonic	0	2.007144	3.344802	2391.771	5153505742	31260881325	8.588049	0.164855	47861364	157121	0
p1d	real_typed_sonic__github_events.log	/tmp/skv15-p1/pmu/real_typed_sonic__github_events.log	github_events	65132	9213	real_typed_sonic	0	0.876768	1.461130	5475.213	2007545556	6962529789	3.345568	0.288336	20812776	85690	5164854789897046116
p1d	real_typed_sonic__gsoc-2018.log	/tmp/skv15-p1/pmu/real_typed_sonic__gsoc-2018.log	gsoc-2018	3327831	181	real_typed_sonic	0	1.399783	2.323919	3442.461	3312395976	7085339065	5.499237	0.467500	32862637	399110	17588957560949363005
p1d	real_typed_sonic__instruments.log	/tmp/skv15-p1/pmu/real_typed_sonic__instruments.log	instruments	220346	2723	real_typed_sonic	0	0.477301	0.795499	10056.587	1373551779	7983002962	2.289245	0.172060	11159185	46030	6053947005340795886
p1d	real_typed_sonic__marine_ik.log	/tmp/skv15-p1/pmu/real_typed_sonic__marine_ik.log	marine_ik	2983466	202	real_typed_sonic	0	0.718005	1.191392	6714.832	2305656492	11438074208	3.825799	0.201577	17091571	70795	0
p1d	real_typed_sonic__mesh.log	/tmp/skv15-p1/pmu/real_typed_sonic__mesh.log	mesh	723597	830	real_typed_sonic	0	0.727558	1.211414	6603.854	2464870189	15916296171	4.104112	0.154865	17333492	66227	0
p1d	real_typed_sonic__numbers.log	/tmp/skv15-p1/pmu/real_typed_sonic__numbers.log	numbers	150124	3997	real_typed_sonic	0	0.838636	1.397620	5724.017	2024941160	9157776402	3.374645	0.221117	18311544	133711	7821342331123428551
p1d	real_typed_sonic__random.log	/tmp/skv15-p1/pmu/real_typed_sonic__random.log	random	510476	1176	real_typed_sonic	0	3.419688	5.696444	1404.385	4462288912	19611758716	7.433187	0.227531	78527026	969688	0
p1d	real_typed_sonic__twitter.log	/tmp/skv15-p1/pmu/real_typed_sonic__twitter.log	twitter	631515	951	real_typed_sonic	0	1.155483	1.923974	4158.060	1519886473	4807488259	2.530737	0.316150	26873577	316572	17794062064648910603
p1d	real_typed_sonic__unicode_basic.log	/tmp/skv15-p1/pmu/real_typed_sonic__unicode_basic.log	unicode_basic	1048586	573	real_typed_sonic	0	1.309326	2.179160	3671.139	4269818094	20745572456	7.106417	0.205818	31211262	106002	7152685547856090394
p1d	real_typed_sonic__unicode_escapes.log	/tmp/skv15-p1/pmu/real_typed_sonic__unicode_escapes.log	unicode_escapes	1050797	571	real_typed_sonic	0	6.060193	10.100237	792.061	9602016450	19329923917	16.003225	0.496744	142173545	1137082	4835405340194808800
p1d	real_typed_sonic__unicode_mixed.log	/tmp/skv15-p1/pmu/real_typed_sonic__unicode_mixed.log	unicode_mixed	1053086	570	real_typed_sonic	0	3.274083	5.454451	1466.692	4280217231	11317408510	7.130617	0.378198	75469633	973134	0
p1d	real_typed_sonic__update_center.log	/tmp/skv15-p1/pmu/real_typed_sonic__update_center.log	update_center	533178	1126	real_typed_sonic	0	1.602795	2.669731	2996.557	2094714079	7085359200	3.489106	0.295640	36962694	470863	0
p1d	real_typed_sonic__y_string_unicode.log	/tmp/skv15-p1/pmu/real_typed_sonic__y_string_unicode.log	y_string_unicode	35601	16854	real_typed_sonic	0	0.610595	1.017626	7861.434	2417560211	16068565362	4.029138	0.150453	14575903	37550	0
